Workbook

Sheet IO_Table_2025(RAW)
A1: Kode | B1: Deskripsi | C1: 1 | D1: 2 | E1: 3 | F1: 4 | G1: 5 | H1: 6 | I1: 7 | J1: 8 | K1: 9 | L1: 10 | M1: 11 | N1: 12 | O1: 13 | P1: 14 | Q1: 15 | R1: 16 | S1: 17 | T1: 18 | U1: 19 | V1: 20 | W1: 21 | X1: 22 | Y1: 23 | Z1: 24 | AA1: 25 | AB1: 26 | AC1: 27 | AD1: 28 | AE1: 29 | AF1: 30 | AG1: 31 | AH1: 32 | AI1: 33 | AJ1: 34 | AK1: 35 | AL1: 36 | AM1: 37 | AN1: 38 | AO1: 39 | AP1: 40 | AQ1: 41 | AR1: 42 | AS1: 43 | AT1: 44 | AU1: 45 | AV1: 46 | AW1: 47 | AX1: 48 | AY1: 49 | AZ1: 50 | BA1: 51 | BB1: 52 | BC1: 53 | BD1: 54 | BE1: 55 | BF1: 180 | BG1: 301 | BH1: 302 | BI1: 303 | BJ1: 304 | BK1: 305 | BL1: 309 | BM1: 310 | BN1: 409 | BO1: 509 | BP1: 600 | BQ1: 700
A2: 1 | B2: Pertanian Tanaman Pangan | C2: 1069045 | D2: 0 | E2: 0 | F2: 0 | G2: 0 | H2: 697.3892 | I2: 0 | J2: 0 | K2: 21452.074 | L2: 0 | M2: 0 | N2: 0 | O2: 0 | P2: 0 | Q2: 16469292 | R2: 0 | S2: 0 | T2: 0 | U2: 0 | V2: 0 | W2: 5192.8969 | X2: 0 | Y2: 2043.1564 | Z2: 0 | AA2: 0 | AB2: 0 | AC2: 0 | AD2: 0 | AE2: 0 | AF2: 0 | AG2: 0 | AH2: 0 | AI2: 0 | AJ2: 0 | AK2: 0 | AL2: 0 | AM2: 0 | AN2: 0 | AO2: 0 | AP2: 0 | AQ2: 0 | AR2: 6373.7154 | AS2: 222413.56 | AT2: 0 | AU2: 0 | AV2: 0 | AW2: 0 | AX2: 0 | AY2: 0 | AZ2: 0 | BA2: 70927.807 | BB2: 5489.5984 | BC2: 7671.5013 | BD2: 34190.168 | BE2: 0 | BF2: 17914789 | BG2: 369043.3 | BH2: 0 | BI2: 0 | BJ2: 73419.347 | BK2: 271170 | BL2: 713632.64 | BM2: 18628421 | BN2: 0 | BO2: 0 | BP2: 18628421 | BQ2: 18628421
A3: 2 | B3: Pertanian Tanaman Hortikultura Semusim, Hortikultura Tahunan, dan Lainnya | C3: 0 | D3: 75321.678 | E3: 0 | F3: 0 | G3: 76.1594 | H3: 0 | I3: 0 | J3: 0 | K3: 0 | L3: 0 | M3: 0 | N3: 0 | O3: 0 | P3: 0 | Q3: 1238534 | R3: 0 | S3: 0 | T3: 0 | U3: 0 | V3: 0 | W3: 10570.457 | X3: 6.6199 | Y3: 0 | Z3: 0 | AA3: 0 | AB3: 0 | AC3: 0 | AD3: 19.6128 | AE3: 0 | AF3: 27.5495 | AG3: 0 | AH3: 0 | AI3: 31036.814 | AJ3: 0 | AK3: 0 | AL3: 3636.1612 | AM3: 0 | AN3: 927.9023 | AO3: 0 | AP3: 16386.871 | AQ3: 0 | AR3: 20599.848 | AS3: 541937.3 | AT3: 0.3453 | AU3: 242.0894 | AV3: 0 | AW3: 0 | AX3: 0 | AY3: 0 | AZ3: 0 | BA3: 2170.2044 | BB3: 2348.2498 | BC3: 57539.736 | BD3: 4049.9285 | BE3: 0 | BF3: 2005431.5 | BG3: 4139011 | BH3: 0 | BI3: 179801.13 | BJ3: 52261.44 | BK3: 601604.07 | BL3: 4972677.7 | BM3: 6978109.2 | BN3: 0 | BO3: 0 | BP3: 6978109.2 | BQ3: 6978109.2
A4: 3 | B4: Karet | C4: 0 | D4: 0 | E4: 1091870 | F4: 0 | G4: 0 | H4: 0 | I4: 0 | J4: 0 | K4: 0 | L4: 0 | M4: 0 | N4: 0 | O4: 0 | P4: 0 | Q4: 0 | R4: 0 | S4: 0 | T4: 0 | U4: 0 | V4: 0 | W4: 0 | X4: 11154452 | Y4: 0 | Z4: 0 | AA4: 0 | AB4: 0 | AC4: 0 | AD4: 0 | AE4: 0 | AF4: 0 | AG4: 0 | AH4: 0 | AI4: 0 | AJ4: 0 | AK4: 6820.7965 | AL4: 0 | AM4: 0 | AN4: 0 | AO4: 0 | AP4: 0 | AQ4: 0 | AR4: 0 | AS4: 0 | AT4: 0 | AU4: 0 | AV4: 0 | AW4: 0 | AX4: 0 | AY4: 0 | AZ4: 0 | BA4: 0 | BB4: 0 | BC4: 0 | BD4: 0 | BE4: 0 | BF4: 12253142 | BG4: 0 | BH4: 0 | BI4: 0 | BJ4: 0 | BK4: 64.5775 | BL4: 64.5775 | BM4: 12253207 | BN4: 0 | BO4: 0 | BP4: 12253207 | BQ4: 12253207
A5: 4 | B5: Kelapa Sawit | C5: 0 | D5: 0 | E5: 0 | F5: 2061576.3 | G5: 0 | H5: 0 | I5: 0 | J5: 0 | K5: 0 | L5: 0 | M5: 0 | N5: 0 | O5: 0 | P5: 0 | Q5: 20717828 | R5: 0 | S5: 0 | T5: 0 | U5: 0 | V5: 0 | W5: 0 | X5: 0 | Y5: 0 | Z5: 0 | AA5: 0 | AB5: 0 | AC5: 0 | AD5: 0 | AE5: 0 | AF5: 0 | AG5: 0 | AH5: 0 | AI5: 0 | AJ5: 0 | AK5: 15026.465 | AL5: 0 | AM5: 0 | AN5: 0 | AO5: 0 | AP5: 0 | AQ5: 0 | AR5: 0 | AS5: 0 | AT5: 0 | AU5: 0 | AV5: 0 | AW5: 0 | AX5: 0 | AY5: 0 | AZ5: 0 | BA5: 0 | BB5: 0 | BC5: 0 | BD5: 0 | BE5: 0 | BF5: 22794431 | BG5: 0 | BH5: 0 | BI5: 0 | BJ5: 0 | BK5: 876645.07 | BL5: 876645.07 | BM5: 23671076 | BN5: 0 | BO5: 0 | BP5: 23671076 | BQ5: 23671076
A6: 5 | B6: Tanaman Perkebunan lainnya | C6: 0 | D6: 0 | E6: 0 | F6: 0 | G6: 313476.6 | H6: 0 | I6: 0 | J6: 0 | K6: 0 | L6: 0 | M6: 0 | N6: 0 | O6: 0 | P6: 0 | Q6: 247988.19 | R6: 0 | S6: 0 | T6: 21.748 | U6: 37.7579 | V6: 0 | W6: 766241.01 | X6: 3206.6985 | Y6: 12.9868 | Z6: 0 | AA6: 0 | AB6: 3.6649 | AC6: 0 | AD6: 1969.0134 | AE6: 2189.6912 | AF6: 0 | AG6: 0 | AH6: 0 | AI6: 263.638 | AJ6: 0 | AK6: 0 | AL6: 0 | AM6: 0 | AN6: 0 | AO6: 0 | AP6: 0 | AQ6: 0 | AR6: 87.1216 | AS6: 164973.83 | AT6: 0 | AU6: 0 | AV6: 0 | AW6: 0 | AX6: 0 | AY6: 0 | AZ6: 0 | BA6: 21.8348 | BB6: 117.2845 | BC6: 7811.2873 | BD6: 964.4516 | BE6: 0 | BF6: 1509386.8 | BG6: 172325.96 | BH6: 0 | BI6: 1543475.4 | BJ6: 80904.957 | BK6: 1542357.3 | BL6: 3339063.7 | BM6: 4848450.5 | BN6: 0 | BO6: 0 | BP6: 4848450.5 | BQ6: 4848450.5
A7: 6 | B7: Peternakan | C7: 28631.704 | D7: 61683.885 | E7: 0 | F7: 1085.4154 | G7: 327.8782 | H7: 134988.8 | I7: 6920.5818 | J7: 813.2388 | K7: 168.4107 | L7: 0 | M7: 0 | N7: 0 | O7: 0 | P7: 0 | Q7: 5249641.1 | R7: 0 | S7: 4803.2183 | T7: 22.4412 | U7: 0 | V7: 0 | W7: 433.5162 | X7: 0 | Y7: 0 | Z7: 0 | AA7: 0 | AB7: 0 | AC7: 0 | AD7: 0.0098 | AE7: 0 | AF7: 0 | AG7: 0 | AH7: 0 | AI7: 0 | AJ7: 0 | AK7: 0 | AL7: 0 | AM7: 0 | AN7: 0 | AO7: 0 | AP7: 0 | AQ7: 0 | AR7: 38344.743 | AS7: 683315.58 | AT7: 0 | AU7: 0 | AV7: 0 | AW7: 0 | AX7: 0 | AY7: 0 | AZ7: 0 | BA7: 47729.646 | BB7: 13354.979 | BC7: 41265.269 | BD7: 32619.371 | BE7: 0 | BF7: 6346149.8 | BG7: 2947885.3 | BH7: 0 | BI7: 3614047.6 | BJ7: 198195.78 | BK7: 32740.831 | BL7: 6792869.5 | BM7: 13139019 | BN7: 0 | BO7: 0 | BP7: 13139019 | BQ7: 13139019
A8: 7 | B8: Jasa Pertanian dan Perburuan | C8: 197662.84 | D8: 51424.309 | E8: 0 | F8: 1041080.8 | G8: 779061.32 | H8: 0 | I8: 0 | J8: 0 | K8: 0 | L8: 0 | M8: 0 | N8: 0 | O8: 0 | P8: 0 | Q8: 0 | R8: 0 | S8: 0 | T8: 0 | U8: 0 | V8: 0 | W8: 0 | X8: 0 | Y8: 0 | Z8: 0 | AA8: 0 | AB8: 0 | AC8: 0 | AD8: 0 | AE8: 0 | AF8: 0 | AG8: 0 | AH8: 0 | AI8: 0 | AJ8: 0 | AK8: 0 | AL8: 0 | AM8: 0 | AN8: 0 | AO8: 0 | AP8: 0 | AQ8: 0 | AR8: 0 | AS8: 0 | AT8: 0 | AU8: 0 | AV8: 0 | AW8: 0 | AX8: 0 | AY8: 0 | AZ8: 0 | BA8: 7224.8618 | BB8: 0 | BC8: 0 | BD8: 0 | BE8: 0 | BF8: 2076454.1 | BG8: 4523.2212 | BH8: 0 | BI8: 0 | BJ8: 0 | BK8: 0 | BL8: 4523.2212 | BM8: 2080977.3 | BN8: 0 | BO8: 0 | BP8: 2080977.3 | BQ8: 2080977.3
A9: 8 | B9: Kehutanan dan Penebangan Kayu | C9: 1.0454 | D9: 620.0298 | E9: 0 | F9: 19104.265 | G9: 1560.9711 | H9: 6494.6021 | I9: 2.0291 | J9: 119124.84 | K9: 678.5901 | L9: 0 | M9: 33769.315 | N9: 0 | O9: 5412.3937 | P9: 1432.2475 | Q9: 80449.067 | R9: 0 | S9: 3094.5964 | T9: 2.9143 | U9: 571531.65 | V9: 669693.81 | W9: 35875.712 | X9: 12354.974 | Y9: 132.0165 | Z9: 0.3821 | AA9: 66.4564 | AB9: 0 | AC9: 254.7084 | AD9: 3400.5184 | AE9: 3163.057 | AF9: 0 | AG9: 0 | AH9: 0 | AI9: 3160108.9 | AJ9: 3260.6437 | AK9: 1492.2123 | AL9: 0 | AM9: 0 | AN9: 0 | AO9: 0 | AP9: 0 | AQ9: 0 | AR9: 508.4442 | AS9: 5270.0725 | AT9: 0 | AU9: 0 | AV9: 0 | AW9: 0 | AX9: 0 | AY9: 0 | AZ9: 0 | BA9: 76.5315 | BB9: 0 | BC9: 0 | BD9: 781.3817 | BE9: 0 | BF9: 4739718.4 | BG9: 13484.369 | BH9: 0 | BI9: 0 | BJ9: -109.3009 | BK9: 4739674.5 | BL9: 4753049.6 | BM9: 9492768 | BN9: 0 | BO9: 0 | BP9: 9492768 | BQ9: 9492768
A10: 9 | B10: Perikanan | C10: 0 | D10: 0 | E10: 0 | F10: 0 | G10: 0 | H10: 0 | I10: 0 | J10: 0 | K10: 272957.95 | L10: 0 | M10: 0 | N10: 0 | O10: 0 | P10: 0 | Q10: 5756748.9 | R10: 0 | S10: 0 | T10: 0 | U10: 0 | V10: 0 | W10: 2458.4179 | X10: 0 | Y10: 0 | Z10: 0 | AA10: 0 | AB10: 0 | AC10: 0 | AD10: 11.8705 | AE10: 2265.0765 | AF10: 0 | AG10: 0 | AH10: 0 | AI10: 0 | AJ10: 0 | AK10: 0 | AL10: 0 | AM10: 0 | AN10: 0 | AO10: 0 | AP10: 0 | AQ10: 0 | AR10: 39374.671 | AS10: 1575254.4 | AT10: 0 | AU10: 0 | AV10: 0 | AW10: 0 | AX10: 0 | AY10: 0 | AZ10: 0 | BA10: 7571.2064 | BB10: 34918.311 | BC10: 28159.182 | BD10: 86265.892 | BE10: 0 | BF10: 7805985.9 | BG10: 9869527.7 | BH10: 0 | BI10: 187528.02 | BJ10: -0.094 | BK10: 31153.629 | BL10: 10088209 | BM10: 17894195 | BN10: 0 | BO10: 0 | BP10: 17894195 | BQ10: 17894195
A11: 10 | B11: Pertambangan Minyak, Gas dan Panas Bumi | C11: 1238.2717 | D11: 669.797 | E11: 0 | F11: 0 | G11: 72.2709 | H11: 7477.4959 | I11: 27.4729 | J11: 1536.4911 | K11: 912.5321 | L11: 4356637.5 | M11: 216440.04 | N11: 0 | O11: 8436.8919 | P11: 6614663.3 | Q11: 4760.7047 | R11: 0 | S11: 101.0469 | T11: 0.5741 | U11: 237.4063 | V11: 3531.275 | W11: 3654922.8 | X11: 1306298.8 | Y11: 64002.906 | Z11: 16962.11 | AA11: 17568.855 | AB11: 1.8883 | AC11: 316.2737 | AD11: 87.3169 | AE11: 114.5579 | AF11: 2666792.4 | AG11: 32655.65 | AH11: 155.08 | AI11: 87357.549 | AJ11: 5568.7391 | AK11: 51067.168 | AL11: 1037.5159 | AM11: 5153.9197 | AN11: 1084.0428 | AO11: 627.9786 | AP11: 8840.5841 | AQ11: 1213.7712 | AR11: 308.3228 | AS11: 1066.2199 | AT11: 18496.963 | AU11: 7906.0311 | AV11: 3386.5207 | AW11: 1091.3541 | AX11: 5.793 | AY11: 5216.3839 | AZ11: 745.2094 | BA11: 16849.085 | BB11: 7473.603 | BC11: 569.8059 | BD11: 814.1347 | BE11: 0 | BF11: 19202502 | BG11: 15281.712 | BH11: 0 | BI11: 3897.2928 | BJ11: -942234.48 | BK11: 23199489 | BL11: 22276434 | BM11: 41478936 | BN11: 0 | BO11: 0 | BP11: 41478936 | BQ11: 41478936
A12: 11 | B12: Pertambangan Batubara dan Lignit | C12: 1609.376 | D12: 887.8596 | E12: 0 | F12: 0 | G12: 80.6371 | H12: 9695.4983 | I12: 39.3254 | J12: 2028.0538 | K12: 1255.8834 | L12: 15102.453 | M12: 14561916 | N12: 0 | O12: 6415.7517 | P12: 255683.68 | Q12: 6231.8758 | R12: 0 | S12: 224.7533 | T12: 0.9195 | U12: 383.9508 | V12: 7106.0713 | W12: 27630.009 | X12: 4230.9165 | Y12: 925465.69 | Z12: 5700.0271 | AA12: 43342.461 | AB12: 3.4342 | AC12: 429.2021 | AD12: 116.7421 | AE12: 152.5114 | AF12: 1150651.9 | AG12: 8927.3942 | AH12: 400.1864 | AI12: 58534.298 | AJ12: 7777.3424 | AK12: 70028.321 | AL12: 2380.2239 | AM12: 6690.3735 | AN12: 1407.5425 | AO12: 867.2404 | AP12: 11418.04 | AQ12: 1677.853 | AR12: 465.7081 | AS12: 1595.1114 | AT12: 24741.424 | AU12: 10277.878 | AV12: 4439.2485 | AW12: 1444.4519 | AX12: 7.6785 | AY12: 6890.182 | AZ12: 990.8833 | BA12: 23356.353 | BB12: 10256.791 | BC12: 1079.479 | BD12: 1435.2207 | BE12: 0 | BF12: 17283474 | BG12: 68041.654 | BH12: 0 | BI12: 7284.0225 | BJ12: 360.3494 | BK12: 90059558 | BL12: 90135244 | BM12: 1.0741872e+08 | BN12: 0 | BO12: 0 | BP12: 1.0741872e+08 | BQ12: 1.0741872e+08
A13: 12 | B13: Pertambangan Bijih Logam | C13: 0 | D13: 0 | E13: 0 | F13: 0 | G13: 0 | H13: 0 | I13: 0 | J13: 0 | K13: 0 | L13: 0 | M13: 0 | N13: 0 | O13: 0 | P13: 0 | Q13: 0 | R13: 0 | S13: 0 | T13: 0 | U13: 0 | V13: 0 | W13: 0 | X13: 0 | Y13: 0 | Z13: 0 | AA13: 0 | AB13: 0 | AC13: 0 | AD13: 0 | AE13: 0 | AF13: 0 | AG13: 0 | AH13: 0 | AI13: 0 | AJ13: 0 | AK13: 0 | AL13: 0 | AM13: 0 | AN13: 0 | AO13: 0 | AP13: 0 | AQ13: 0 | AR13: 0 | AS13: 0 | AT13: 0 | AU13: 0 | AV13: 0 | AW13: 0 | AX13: 0 | AY13: 0 | AZ13: 0 | BA13: 0 | BB13: 0 | BC13: 0 | BD13: 0 | BE13: 0 | BF13: 0 | BG13: 0 | BH13: 0 | BI13: 0 | BJ13: 0 | BK13: 0 | BL13: 0 | BM13: 0 | BN13: 0 | BO13: 0 | BP13: 0 | BQ13: 0
... A63: 209 | B63: Nilai Tambah Bruto | C63: 14421722 | D63: 5318349.7 | E63: 8422285.4 | F63: 16306552 | G63: 3091909.9 | H63: 7995588.1 | I63: 1449409.4 | J63: 8352368.3 | K63: 15770320 | L63: 30425435 | M63: 46912449 | N63: 0 | O63: 30071012 | P63: 19994588 | Q63: 58627186 | R63: 1144.2429 | S63: 200226.32 | T63: 1243.8277 | U63: 1004870 | V63: 8070604.8 | W63: 7973084.3 | X63: 12288411 | Y63: 1588842.2 | Z63: 54626.457 | AA63: 638654.93 | AB63: 19485.322 | AC63: 97699.234 | AD63: 177470.54 | AE63: 305483.61 | AF63: 756108.59 | AG63: 123810.07 | AH63: 605713 | AI63: 67207973 | AJ63: 10652542 | AK63: 81154297 | AL63: 1499337.4 | AM63: 6239838.2 | AN63: 418202.82 | AO63: 578770.77 | AP63: 3875508.4 | AQ63: 1463249.5 | AR63: 1563970.3 | AS63: 12404749 | AT63: 21031258 | AU63: 8257685 | AV63: 3359774.4 | AW63: 1584157.4 | AX63: 9744.3905 | AY63: 20580130 | AZ63: 726780.17 | BA63: 16676073 | BB63: 13568094 | BC63: 4065505.7 | BD63: 4426895.7 | BE63: 0 | BF63: 5.8241119e+08 | BG63: 0 | BH63: 0 | BI63: 0 | BJ63: 0 | BK63: 0 | BL63: 0 | BM63: 0 | BN63: 0 | BO63: 0 | BP63: 0 | BQ63: 0
A64: 210 | B64: Total Input | C64: 18628421 | D64: 6978109.2 | E64: 12253207 | F64: 23671076 | G64: 4848450.5 | H64: 13139019 | I64: 2080977.3 | J64: 9492768 | K64: 17894195 | L64: 41478936 | M64: 1.0741872e+08 | N64: 0 | O64: 43718756 | P64: 31753634 | Q64: 1.7515007e+08 | R64: 1823.5637 | S64: 753916.33 | T64: 3100.1638 | U64: 2560600.4 | V64: 23130789 | W64: 23019790 | X64: 42984829 | Y64: 3701881.5 | Z64: 218975.66 | AA64: 1713342 | AB64: 52112.72 | AC64: 1203081.9 | AD64: 417377.69 | AE64: 788474.21 | AF64: 6095669.9 | AG64: 176149.58 | AH64: 1048781.8 | AI64: 1.6958426e+08 | AJ64: 15359154 | AK64: 1.2286002e+08 | AL64: 3589335.5 | AM64: 12403639 | AN64: 1429119.3 | AO64: 1339961.1 | AP64: 10269044 | AQ64: 2537804.7 | AR64: 2537261.5 | AS64: 30319604 | AT64: 33989791 | AU64: 9918604.5 | AV64: 5014105.1 | AW64: 2445888.5 | AX64: 15646.889 | AY64: 25122148 | AZ64: 1287244.8 | BA64: 27014877 | BB64: 19871323 | BC64: 8088689.4 | BD64: 6808496.8 | BE64: 0 | BF64: 1.1281831e+09

Sheet IO_Table_2025(CEK)
A1: Kode | B1: Deskripsi | C1: 1 | D1: 2 | E1: 3 | F1: 4 | G1: 5 | H1: 6 | I1: 7 | J1: 8 | K1: 9 | L1: 10 | M1: 11 | N1: 12 | O1: 13 | P1: 14 | Q1: 15 | R1: 16 | S1: 17 | T1: 18 | U1: 19 | V1: 20 | W1: 21 | X1: 22 | Y1: 23 | Z1: 24 | AA1: 25 | AB1: 26 | AC1: 27 | AD1: 28 | AE1: 29 | AF1: 30 | AG1: 31 | AH1: 32 | AI1: 33 | AJ1: 34 | AK1: 35 | AL1: 36 | AM1: 37 | AN1: 38 | AO1: 39 | AP1: 40 | AQ1: 41 | AR1: 42 | AS1: 43 | AT1: 44 | AU1: 45 | AV1: 46 | AW1: 47 | AX1: 48 | AY1: 49 | AZ1: 50 | BA1: 51 | BB1: 52 | BC1: 53 | BD1: 54 | BE1: 55 | BF1: 180 | BG1: 301 | BH1: 302 | BI1: 303 | BJ1: 304 | BK1: 305 | BL1: 309 | BM1: 310 | BN1: 409 | BO1: 509 | BP1: 600 | BQ1: 700 | BS1: Rasio Total Input Antara thd Total Output Sektoral | BT1: Rasio Ekspor thd Total Output Sektoral | BU1: NTB | BV1: Rasio NTB thd Total Output | BW1: NTB to Kuartil NTB | BX1: Linkage Kuadran | BY1: From | BZ1: To Q1 + NTB VERY LOW | CB1: To Q2 & Q3 + NTB VERY LOW
A2: 1 | B2: Pertanian Tanaman Pangan | C2: 1069045 | D2: 0 | E2: 0 | F2: 0 | G2: 0 | H2: 697.3892 | I2: 0 | J2: 0 | K2: 21452.074 | L2: 0 | M2: 0 | N2: 0 | O2: 0 | P2: 0 | Q2: 16469292 | R2: 0 | S2: 0 | T2: 0 | U2: 0 | V2: 0 | W2: 5192.8969 | X2: 0 | Y2: 2043.1564 | Z2: 0 | AA2: 0 | AB2: 0 | AC2: 0 | AD2: 0 | AE2: 0 | AF2: 0 | AG2: 0 | AH2: 0 | AI2: 0 | AJ2: 0 | AK2: 0 | AL2: 0 | AM2: 0 | AN2: 0 | AO2: 0 | AP2: 0 | AQ2: 0 | AR2: 6373.7154 | AS2: 222413.56 | AT2: 0 | AU2: 0 | AV2: 0 | AW2: 0 | AX2: 0 | AY2: 0 | AZ2: 0 | BA2: 70927.807 | BB2: 5489.5984 | BC2: 7671.5013 | BD2: 34190.168 | BE2: 0 | BF2: 17914789 | BG2: 369043.3 | BH2: 0 | BI2: 0 | BJ2: 73419.347 | BK2: 271170 | BL2: 713632.64 | BM2: 18628421 | BN2: 0 | BO2: 0 | BP2: 18628421 | BQ2: 18628421 | BS2: =IFERROR(BF2/BM2,0) -> 0.96169119 | BT2: =IFERROR(BK2/BM2,0) -> 0.014556789 | BU2: {=TRANSPOSE(C63:BE63)} -> 14421722 | BV2: =IFERROR(BU2/BM2,0) -> 0.77417843 | BW2: {=_xlfn.IFS(BV2>$BV$62,"Very High",BV2>$BV$61,"High",BV2>$BV$60,"Low",BV2<=$BV$60,"Very Low")} -> Very High | BX2: K4 (BL Rendah, FL Rendah)
A3: 2 | B3: Pertanian Tanaman Hortikultura Semusim, Hortikultura Tahunan, dan Lainnya | C3: 0 | D3: 75321.678 | E3: 0 | F3: 0 | G3: 76.1594 | H3: 0 | I3: 0 | J3: 0 | K3: 0 | L3: 0 | M3: 0 | N3: 0 | O3: 0 | P3: 0 | Q3: 1238534 | R3: 0 | S3: 0 | T3: 0 | U3: 0 | V3: 0 | W3: 10570.457 | X3: 6.6199 | Y3: 0 | Z3: 0 | AA3: 0 | AB3: 0 | AC3: 0 | AD3: 19.6128 | AE3: 0 | AF3: 27.5495 | AG3: 0 | AH3: 0 | AI3: 31036.814 | AJ3: 0 | AK3: 0 | AL3: 3636.1612 | AM3: 0 | AN3: 927.9023 | AO3: 0 | AP3: 16386.871 | AQ3: 0 | AR3: 20599.848 | AS3: 541937.3 | AT3: 0.3453 | AU3: 242.0894 | AV3: 0 | AW3: 0 | AX3: 0 | AY3: 0 | AZ3: 0 | BA3: 2170.2044 | BB3: 2348.2498 | BC3: 57539.736 | BD3: 4049.9285 | BE3: 0 | BF3: 2005431.5 | BG3: 4139011 | BH3: 0 | BI3: 179801.13 | BJ3: 52261.44 | BK3: 601604.07 | BL3: 4972677.7 | BM3: 6978109.2 | BN3: 0 | BO3: 0 | BP3: 6978109.2 | BQ3: 6978109.2 | BS3: =IFERROR(BF3/BM3,0) -> 0.28738895 | BT3: =IFERROR(BK3/BM3,0) -> 0.086213049 | BU3: 5318349.7 | BV3: =IFERROR(BU3/BM3,0) -> 0.76214768 | BW3: {=_xlfn.IFS(BV3>$BV$62,"Very High",BV3>$BV$61,"High",BV3>$BV$60,"Low",BV3<=$BV$60,"Very Low")} -> Very High | BX3: K4 (BL Rendah, FL Rendah)
A4: 3 | B4: Karet | C4: 0 | D4: 0 | E4: 1091870 | F4: 0 | G4: 0 | H4: 0 | I4: 0 | J4: 0 | K4: 0 | L4: 0 | M4: 0 | N4: 0 | O4: 0 | P4: 0 | Q4: 0 | R4: 0 | S4: 0 | T4: 0 | U4: 0 | V4: 0 | W4: 0 | X4: 11154452 | Y4: 0 | Z4: 0 | AA4: 0 | AB4: 0 | AC4: 0 | AD4: 0 | AE4: 0 | AF4: 0 | AG4: 0 | AH4: 0 | AI4: 0 | AJ4: 0 | AK4: 6820.7965 | AL4: 0 | AM4: 0 | AN4: 0 | AO4: 0 | AP4: 0 | AQ4: 0 | AR4: 0 | AS4: 0 | AT4: 0 | AU4: 0 | AV4: 0 | AW4: 0 | AX4: 0 | AY4: 0 | AZ4: 0 | BA4: 0 | BB4: 0 | BC4: 0 | BD4: 0 | BE4: 0 | BF4: 12253142 | BG4: 0 | BH4: 0 | BI4: 0 | BJ4: 0 | BK4: 64.5775 | BL4: 64.5775 | BM4: 12253207 | BN4: 0 | BO4: 0 | BP4: 12253207 | BQ4: 12253207 | BS4: =IFERROR(BF4/BM4,0) -> 0.99999473 | BT4: =IFERROR(BK4/BM4,0) -> 5.270253e-06 | BU4: 8422285.4 | BV4: =IFERROR(BU4/BM4,0) -> 0.68735356 | BW4: {=_xlfn.IFS(BV4>$BV$62,"Very High",BV4>$BV$61,"High",BV4>$BV$60,"Low",BV4<=$BV$60,"Very Low")} -> Very High | BX4: K1 (BL Tinggi, FL Tinggi)
A5: 4 | B5: Kelapa Sawit | C5: 0 | D5: 0 | E5: 0 | F5: 2061576.3 | G5: 0 | H5: 0 | I5: 0 | J5: 0 | K5: 0 | L5: 0 | M5: 0 | N5: 0 | O5: 0 | P5: 0 | Q5: 20717828 | R5: 0 | S5: 0 | T5: 0 | U5: 0 | V5: 0 | W5: 0 | X5: 0 | Y5: 0 | Z5: 0 | AA5: 0 | AB5: 0 | AC5: 0 | AD5: 0 | AE5: 0 | AF5: 0 | AG5: 0 | AH5: 0 | AI5: 0 | AJ5: 0 | AK5: 15026.465 | AL5: 0 | AM5: 0 | AN5: 0 | AO5: 0 | AP5: 0 | AQ5: 0 | AR5: 0 | AS5: 0 | AT5: 0 | AU5: 0 | AV5: 0 | AW5: 0 | AX5: 0 | AY5: 0 | AZ5: 0 | BA5: 0 | BB5: 0 | BC5: 0 | BD5: 0 | BE5: 0 | BF5: 22794431 | BG5: 0 | BH5: 0 | BI5: 0 | BJ5: 0 | BK5: 876645.07 | BL5: 876645.07 | BM5: 23671076 | BN5: 0 | BO5: 0 | BP5: 23671076 | BQ5: 23671076 | BS5: =IFERROR(BF5/BM5,0) -> 0.96296556 | BT5: =IFERROR(BK5/BM5,0) -> 0.037034441 | BU5: 16306552 | BV5: =IFERROR(BU5/BM5,0) -> 0.68888092 | BW5: {=_xlfn.IFS(BV5>$BV$62,"Very High",BV5>$BV$61,"High",BV5>$BV$60,"Low",BV5<=$BV$60,"Very Low")} -> Very High | BX5: K3 (BL Rendah, FL Tinggi)
A6: 5 | B6: Tanaman Perkebunan lainnya | C6: 0 | D6: 0 | E6: 0 | F6: 0 | G6: 313476.6 | H6: 0 | I6: 0 | J6: 0 | K6: 0 | L6: 0 | M6: 0 | N6: 0 | O6: 0 | P6: 0 | Q6: 247988.19 | R6: 0 | S6: 0 | T6: 21.748 | U6: 37.7579 | V6: 0 | W6: 766241.01 | X6: 3206.6985 | Y6: 12.9868 | Z6: 0 | AA6: 0 | AB6: 3.6649 | AC6: 0 | AD6: 1969.0134 | AE6: 2189.6912 | AF6: 0 | AG6: 0 | AH6: 0 | AI6: 263.638 | AJ6: 0 | AK6: 0 | AL6: 0 | AM6: 0 | AN6: 0 | AO6: 0 | AP6: 0 | AQ6: 0 | AR6: 87.1216 | AS6: 164973.83 | AT6: 0 | AU6: 0 | AV6: 0 | AW6: 0 | AX6: 0 | AY6: 0 | AZ6: 0 | BA6: 21.8348 | BB6: 117.2845 | BC6: 7811.2873 | BD6: 964.4516 | BE6: 0 | BF6: 1509386.8 | BG6: 172325.96 | BH6: 0 | BI6: 1543475.4 | BJ6: 80904.957 | BK6: 1542357.3 | BL6: 3339063.7 | BM6: 4848450.5 | BN6: 0 | BO6: 0 | BP6: 4848450.5 | BQ6: 4848450.5 | BS6: =IFERROR(BF6/BM6,0) -> 0.31131324 | BT6: =IFERROR(BK6/BM6,0) -> 0.31811346 | BU6: 3091909.9 | BV6: =IFERROR(BU6/BM6,0) -> 0.63771092 | BW6: {=_xlfn.IFS(BV6>$BV$62,"Very High",BV6>$BV$61,"High",BV6>$BV$60,"Low",BV6<=$BV$60,"Very Low")} -> High | BX6: K2 (BL Tinggi, FL Rendah)
A7: 6 | B7: Peternakan | C7: 28631.704 | D7: 61683.885 | E7: 0 | F7: 1085.4154 | G7: 327.8782 | H7: 134988.8 | I7: 6920.5818 | J7: 813.2388 | K7: 168.4107 | L7: 0 | M7: 0 | N7: 0 | O7: 0 | P7: 0 | Q7: 5249641.1 | R7: 0 | S7: 4803.2183 | T7: 22.4412 | U7: 0 | V7: 0 | W7: 433.5162 | X7: 0 | Y7: 0 | Z7: 0 | AA7: 0 | AB7: 0 | AC7: 0 | AD7: 0.0098 | AE7: 0 | AF7: 0 | AG7: 0 | AH7: 0 | AI7: 0 | AJ7: 0 | AK7: 0 | AL7: 0 | AM7: 0 | AN7: 0 | AO7: 0 | AP7: 0 | AQ7: 0 | AR7: 38344.743 | AS7: 683315.58 | AT7: 0 | AU7: 0 | AV7: 0 | AW7: 0 | AX7: 0 | AY7: 0 | AZ7: 0 | BA7: 47729.646 | BB7: 13354.979 | BC7: 41265.269 | BD7: 32619.371 | BE7: 0 | BF7: 6346149.8 | BG7: 2947885.3 | BH7: 0 | BI7: 3614047.6 | BJ7: 198195.78 | BK7: 32740.831 | BL7: 6792869.5 | BM7: 13139019 | BN7: 0 | BO7: 0 | BP7: 13139019 | BQ7: 13139019 | BS7: =IFERROR(BF7/BM7,0) -> 0.48300026 | BT7: =IFERROR(BK7/BM7,0) -> 0.0024918779 | BU7: 7995588.1 | BV7: =IFERROR(BU7/BM7,0) -> 0.60853766 | BW7: {=_xlfn.IFS(BV7>$BV$62,"Very High",BV7>$BV$61,"High",BV7>$BV$60,"Low",BV7<=$BV$60,"Very Low")} -> High | BX7: K4 (BL Rendah, FL Rendah)
A8: 7 | B8: Jasa Pertanian dan Perburuan | C8: 197662.84 | D8: 51424.309 | E8: 0 | F8: 1041080.8 | G8: 779061.32 | H8: 0 | I8: 0 | J8: 0 | K8: 0 | L8: 0 | M8: 0 | N8: 0 | O8: 0 | P8: 0 | Q8: 0 | R8: 0 | S8: 0 | T8: 0 | U8: 0 | V8: 0 | W8: 0 | X8: 0 | Y8: 0 | Z8: 0 | AA8: 0 | AB8: 0 | AC8: 0 | AD8: 0 | AE8: 0 | AF8: 0 | AG8: 0 | AH8: 0 | AI8: 0 | AJ8: 0 | AK8: 0 | AL8: 0 | AM8: 0 | AN8: 0 | AO8: 0 | AP8: 0 | AQ8: 0 | AR8: 0 | AS8: 0 | AT8: 0 | AU8: 0 | AV8: 0 | AW8: 0 | AX8: 0 | AY8: 0 | AZ8: 0 | BA8: 7224.8618 | BB8: 0 | BC8: 0 | BD8: 0 | BE8: 0 | BF8: 2076454.1 | BG8: 4523.2212 | BH8: 0 | BI8: 0 | BJ8: 0 | BK8: 0 | BL8: 4523.2212 | BM8: 2080977.3 | BN8: 0 | BO8: 0 | BP8: 2080977.3 | BQ8: 2080977.3 | BS8: =IFERROR(BF8/BM8,0) -> 0.9978264 | BT8: =IFERROR(BK8/BM8,0) -> 0 | BU8: 1449409.4 | BV8: =IFERROR(BU8/BM8,0) -> 0.69650415 | BW8: {=_xlfn.IFS(BV8>$BV$62,"Very High",BV8>$BV$61,"High",BV8>$BV$60,"Low",BV8<=$BV$60,"Very Low")} -> Very High | BX8: K2 (BL Tinggi, FL Rendah)
A9: 8 | B9: Kehutanan dan Penebangan Kayu | C9: 1.0454 | D9: 620.0298 | E9: 0 | F9: 19104.265 | G9: 1560.9711 | H9: 6494.6021 | I9: 2.0291 | J9: 119124.84 | K9: 678.5901 | L9: 0 | M9: 33769.315 | N9: 0 | O9: 5412.3937 | P9: 1432.2475 | Q9: 80449.067 | R9: 0 | S9: 3094.5964 | T9: 2.9143 | U9: 571531.65 | V9: 669693.81 | W9: 35875.712 | X9: 12354.974 | Y9: 132.0165 | Z9: 0.3821 | AA9: 66.4564 | AB9: 0 | AC9: 254.7084 | AD9: 3400.5184 | AE9: 3163.057 | AF9: 0 | AG9: 0 | AH9: 0 | AI9: 3160108.9 | AJ9: 3260.6437 | AK9: 1492.2123 | AL9: 0 | AM9: 0 | AN9: 0 | AO9: 0 | AP9: 0 | AQ9: 0 | AR9: 508.4442 | AS9: 5270.0725 | AT9: 0 | AU9: 0 | AV9: 0 | AW9: 0 | AX9: 0 | AY9: 0 | AZ9: 0 | BA9: 76.5315 | BB9: 0 | BC9: 0 | BD9: 781.3817 | BE9: 0 | BF9: 4739718.4 | BG9: 13484.369 | BH9: 0 | BI9: 0 | BJ9: -109.3009 | BK9: 4739674.5 | BL9: 4753049.6 | BM9: 9492768 | BN9: 0 | BO9: 0 | BP9: 9492768 | BQ9: 9492768 | BS9: =IFERROR(BF9/BM9,0) -> 0.49929783 | BT9: =IFERROR(BK9/BM9,0) -> 0.4992932 | BU9: 8352368.3 | BV9: =IFERROR(BU9/BM9,0) -> 0.87986647 | BW9: {=_xlfn.IFS(BV9>$BV$62,"Very High",BV9>$BV$61,"High",BV9>$BV$60,"Low",BV9<=$BV$60,"Very Low")} -> Very High | BX9: K4 (BL Rendah, FL Rendah) | BY9: 8 | BZ9: 20 | CA9: 19
A10: 9 | B10: Perikanan | C10: 0 | D10: 0 | E10: 0 | F10: 0 | G10: 0 | H10: 0 | I10: 0 | J10: 0 | K10: 272957.95 | L10: 0 | M10: 0 | N10: 0 | O10: 0 | P10: 0 | Q10: 5756748.9 | R10: 0 | S10: 0 | T10: 0 | U10: 0 | V10: 0 | W10: 2458.4179 | X10: 0 | Y10: 0 | Z10: 0 | AA10: 0 | AB10: 0 | AC10: 0 | AD10: 11.8705 | AE10: 2265.0765 | AF10: 0 | AG10: 0 | AH10: 0 | AI10: 0 | AJ10: 0 | AK10: 0 | AL10: 0 | AM10: 0 | AN10: 0 | AO10: 0 | AP10: 0 | AQ10: 0 | AR10: 39374.671 | AS10: 1575254.4 | AT10: 0 | AU10: 0 | AV10: 0 | AW10: 0 | AX10: 0 | AY10: 0 | AZ10: 0 | BA10: 7571.2064 | BB10: 34918.311 | BC10: 28159.182 | BD10: 86265.892 | BE10: 0 | BF10: 7805985.9 | BG10: 9869527.7 | BH10: 0 | BI10: 187528.02 | BJ10: -0.094 | BK10: 31153.629 | BL10: 10088209 | BM10: 17894195 | BN10: 0 | BO10: 0 | BP10: 17894195 | BQ10: 17894195 | BS10: =IFERROR(BF10/BM10,0) -> 0.43623006 | BT10: =IFERROR(BK10/BM10,0) -> 0.0017409908 | BU10: 15770320 | BV10: =IFERROR(BU10/BM10,0) -> 0.88130927 | BW10: {=_xlfn.IFS(BV10>$BV$62,"Very High",BV10>$BV$61,"High",BV10>$BV$60,"Low",BV10<=$BV$60,"Very Low")} -> Very High | BX10: K4 (BL Rendah, FL Rendah) | BY10: 9 | BZ10: 15
A11: 10 | B11: Pertambangan Minyak, Gas dan Panas Bumi | C11: 1238.2717 | D11: 669.797 | E11: 0 | F11: 0 | G11: 72.2709 | H11: 7477.4959 | I11: 27.4729 | J11: 1536.4911 | K11: 912.5321 | L11: 4356637.5 | M11: 216440.04 | N11: 0 | O11: 8436.8919 | P11: 6614663.3 | Q11: 4760.7047 | R11: 0 | S11: 101.0469 | T11: 0.5741 | U11: 237.4063 | V11: 3531.275 | W11: 3654922.8 | X11: 1306298.8 | Y11: 64002.906 | Z11: 16962.11 | AA11: 17568.855 | AB11: 1.8883 | AC11: 316.2737 | AD11: 87.3169 | AE11: 114.5579 | AF11: 2666792.4 | AG11: 32655.65 | AH11: 155.08 | AI11: 87357.549 | AJ11: 5568.7391 | AK11: 51067.168 | AL11: 1037.5159 | AM11: 5153.9197 | AN11: 1084.0428 | AO11: 627.9786 | AP11: 8840.5841 | AQ11: 1213.7712 | AR11: 308.3228 | AS11: 1066.2199 | AT11: 18496.963 | AU11: 7906.0311 | AV11: 3386.5207 | AW11: 1091.3541 | AX11: 5.793 | AY11: 5216.3839 | AZ11: 745.2094 | BA11: 16849.085 | BB11: 7473.603 | BC11: 569.8059 | BD11: 814.1347 | BE11: 0 | BF11: 19202502 | BG11: 15281.712 | BH11: 0 | BI11: 3897.2928 | BJ11: -942234.48 | BK11: 23199489 | BL11: 22276434 | BM11: 41478936 | BN11: 0 | BO11: 0 | BP11: 41478936 | BQ11: 41478936 | BS11: =IFERROR(BF11/BM11,0) -> 0.46294588 | BT11: =IFERROR(BK11/BM11,0) -> 0.55930772 | BU11: 30425435 | BV11: =IFERROR(BU11/BM11,0) -> 0.73351531 | BW11: {=_xlfn.IFS(BV11>$BV$62,"Very High",BV11>$BV$61,"High",BV11>$BV$60,"Low",BV11<=$BV$60,"Very Low")} -> Very High | BX11: K3 (BL Rendah, FL Tinggi)
A12: 11 | B12: Pertambangan Batubara dan Lignit | C12: 1609.376 | D12: 887.8596 | E12: 0 | F12: 0 | G12: 80.6371 | H12: 9695.4983 | I12: 39.3254 | J12: 2028.0538 | K12: 1255.8834 | L12: 15102.453 | M12: 14561916 | N12: 0 | O12: 6415.7517 | P12: 255683.68 | Q12: 6231.8758 | R12: 0 | S12: 224.7533 | T12: 0.9195 | U12: 383.9508 | V12: 7106.0713 | W12: 27630.009 | X12: 4230.9165 | Y12: 925465.69 | Z12: 5700.0271 | AA12: 43342.461 | AB12: 3.4342 | AC12: 429.2021 | AD12: 116.7421 | AE12: 152.5114 | AF12: 1150651.9 | AG12: 8927.3942 | AH12: 400.1864 | AI12: 58534.298 | AJ12: 7777.3424 | AK12: 70028.321 | AL12: 2380.2239 | AM12: 6690.3735 | AN12: 1407.5425 | AO12: 867.2404 | AP12: 11418.04 | AQ12: 1677.853 | AR12: 465.7081 | AS12: 1595.1114 | AT12: 24741.424 | AU12: 10277.878 | AV12: 4439.2485 | AW12: 1444.4519 | AX12: 7.6785 | AY12: 6890.182 | AZ12: 990.8833 | BA12: 23356.353 | BB12: 10256.791 | BC12: 1079.479 | BD12: 1435.2207 | BE12: 0 | BF12: 17283474 | BG12: 68041.654 | BH12: 0 | BI12: 7284.0225 | BJ12: 360.3494 | BK12: 90059558 | BL12: 90135244 | BM12: 1.0741872e+08 | BN12: 0 | BO12: 0 | BP12: 1.0741872e+08 | BQ12: 1.0741872e+08 | BS12: =IFERROR(BF12/BM12,0) -> 0.16089816 | BT12: =IFERROR(BK12/BM12,0) -> 0.83839725 | BU12: 46912449 | BV12: =IFERROR(BU12/BM12,0) -> 0.43672508 | BW12: {=_xlfn.IFS(BV12>$BV$62,"Very High",BV12>$BV$61,"High",BV12>$BV$60,"Low",BV12<=$BV$60,"Very Low")} -> Low | BX12: K1 (BL Tinggi, FL Tinggi)
A13: 12 | B13: Pertambangan Bijih Logam | C13: 0 | D13: 0 | E13: 0 | F13: 0 | G13: 0 | H13: 0 | I13: 0 | J13: 0 | K13: 0 | L13: 0 | M13: 0 | N13: 0 | O13: 0 | P13: 0 | Q13: 0 | R13: 0 | S13: 0 | T13: 0 | U13: 0 | V13: 0 | W13: 0 | X13: 0 | Y13: 0 | Z13: 0 | AA13: 0 | AB13: 0 | AC13: 0 | AD13: 0 | AE13: 0 | AF13: 0 | AG13: 0 | AH13: 0 | AI13: 0 | AJ13: 0 | AK13: 0 | AL13: 0 | AM13: 0 | AN13: 0 | AO13: 0 | AP13: 0 | AQ13: 0 | AR13: 0 | AS13: 0 | AT13: 0 | AU13: 0 | AV13: 0 | AW13: 0 | AX13: 0 | AY13: 0 | AZ13: 0 | BA13: 0 | BB13: 0 | BC13: 0 | BD13: 0 | BE13: 0 | BF13: 0 | BG13: 0 | BH13: 0 | BI13: 0 | BJ13: 0 | BK13: 0 | BL13: 0 | BM13: 0 | BN13: 0 | BO13: 0 | BP13: 0 | BQ13: 0 | BS13: =IFERROR(BF13/BM13,0) -> 0 | BT13: =IFERROR(BK13/BM13,0) -> 0 | BU13: 0 | BV13: =IFERROR(BU13/BM13,0) -> 0 | BW13: {=_xlfn.IFS(BV13>$BV$62,"Very High",BV13>$BV$61,"High",BV13>$BV$60,"Low",BV13<=$BV$60,"Very Low")} -> Very Low | BX13: K4 (BL Rendah, FL Rendah)
A14: 13 | B14: Pertambangan dan Penggalian Lainnya | C14: 360.8562 | D14: 159.7603 | E14: 0 | F14: 0 | G14: 70.6754 | H14: 1458.6068 | I14: 5.9931 | J14: 380.3576 | K14: 189.708 | L14: 380268.49 | M14: 10404147 | N14: 0 | O14: 667255.89 | P14: 1042.0417 | Q14: 177338.58 | R14: 0 | S14: 19.3571 | T14: 1.2859 | U14: 122.6122 | V14: 680.1209 | W14: 616010.58 | X14: 18784.902 | Y14: 244095.81 | Z14: 146.8797 | AA14: 1831.7573 | AB14: 1.9574 | AC14: 194.5053 | AD14: 1172.2147 | AE14: 6568.9539 | AF14: 8534.7502 | AG14: 2.8187 | AH14: 35.8943 | AI14: 8404859.7 | AJ14: 1100.4534 | AK14: 10449.344 | AL14: 249.563 | AM14: 976.7732 | AN14: 214.3265 | AO14: 124.7097 | AP14: 1675.538 | AQ14: 279.1346 | AR14: 62.2424 | AS14: 208.9178 | AT14: 3633.8739 | AU14: 1521.787 | AV14: 648.9453 | AW14: 208.6282 | AX14: 1.1165 | AY14: 1416.9904 | AZ14: 142.9683 | BA14: 3590.1449 | BB14: 1449.3511 | BC14: 112.7254 | BD14: 162.9144 | BE14: 0 | BF14: 20963973 | BG14: 54146.789 | BH14: 0 | BI14: 272877.44 | BJ14: 1451.3202 | BK14: 22426308 | BL14: 22754784 | BM14: 43718756 | BN14: 0 | BO14: 0 | BP14: 43718756 | BQ14: 43718756 | BS14: =IFERROR(BF14/BM14,0) -> 0.47951896 | BT14: =IFERROR(BK14/BM14,0) -> 0.51296766 | BU14: 30071012 | BV14: =IFERROR(BU14/BM14,0) -> 0.68782863 | BW14: {=_xlfn.IFS(BV14>$BV$62,"Very High",BV14>$BV$61,"High",BV14>$BV$60,"Low",BV14<=$BV$60,"Very Low")} -> Very High | BX14: K3 (BL Rendah, FL Tinggi)
A15: 14 | B15: Industri Batubara dan Pengilangan Migas | C15: 13011.016 | D15: 14614.407 | E15: 0 | F15: 0 | G15: 1417.0359 | H15: 939395.98 | I15: 994.783 | J15: 129319.14 | K15: 275077.96 | L15: 86679.045 | M15: 2971054.7 | N15: 0 | O15: 1451393.5 | P15: 117704.57 | Q15: 257561.13 | R15: 0 | S15: 14820.735 | T15: 50.2062 | U15: 27085.625 | V15: 499123.95 | W15: 278410.16 | X15: 194572.28 | Y15: 48746.256 | Z15: 2689.4906 | AA15: 7698.8211 | AB15: 40.0303 | AC15: 11199.248 | AD15: 3036.7421 | AE15: 8805.4999 | AF15: 20649.46 | AG15: 4318.1692 | AH15: 4178.5751 | AI15: 6805168 | AJ15: 386532.75 | AK15: 6396859.2 | AL15: 318281.81 | AM15: 2955506.4 | AN15: 347114.81 | AO15: 241243.03 | AP15: 2174532.1 | AQ15: 31362.454 | AR15: 5558.871 | AS15: 62476.234 | AT15: 64794.065 | AU15: 4404.3282 | AV15: 2977.3726 | AW15: 38.3875 | AX15: 21.764 | AY15: 77178.405 | AZ15: 35936.278 | BA15: 31172.44 | BB15: 53718.102 | BC15: 49094.978 | BD15: 121352.15 | BE15: 0 | BF15: 27548972 | BG15: 2407676.4 | BH15: 0 | BI15: 0 | BJ15: 276611.21 | BK15: 1520373.9 | BL15: 4204661.5 | BM15: 31753634 | BN15: 0 | BO15: 0 | BP15: 31753634 | BQ15: 31753634 | BS15: =IFERROR(BF15/BM15,0) -> 0.86758487 | BT15: =IFERROR(BK15/BM15,0) -> 0.047880313 | BU15: 19994588 | BV15: =IFERROR(BU15/BM15,0) -> 0.62967872 | BW15: {=_xlfn.IFS(BV15>$BV$62,"Very High",BV15>$BV$61,"High",BV15>$BV$60,"Low",BV15<=$BV$60,"Very Low")} -> High | BX15: K3 (BL Rendah, FL Tinggi)
A16: 15 | B16: Industri Makanan dan Minuman | C16: 368.2422 | D16: 308.6413 | E16: 240784.53 | F16: 662172.57 | G16: 31138.15 | H16: 453910.18 | I16: 465058.22 | J16: 1300.3688 | K16: 562262.43 | L16: 35451.951 | M16: 211992.56 | N16: 0 | O16: 1372.573 | P16: 10958.384 | Q16: 32080693 | R16: 0.0585 | S16: 9935.6038 | T16: 313.7861 | U16: 12129.835 | V16: 54081.446 | W16: 482018.23 | X16: 17686.732 | Y16: 3360.8814 | Z16: 328.1037 | AA16: 2093.1381 | AB16: 37.1839 | AC16: 2762.4521 | AD16: 1501.2157 | AE16: 2088.2549 | AF16: 2411.1389 | AG16: 280.6258 | AH16: 6295.7769 | AI16: 116700.22 | AJ16: 17531.675 | AK16: 189384.77 | AL16: 10506.926 | AM16: 1072.385 | AN16: 101714.19 | AO16: 24864.517 | AP16: 220286.64 | AQ16: 10570.139 | AR16: 454122.85 | AS16: 8953330 | AT16: 26974.256 | AU16: 33781.829 | AV16: 39065.918 | AW16: 2158.4995 | AX16: 42.5307 | AY16: 18460.508 | AZ16: 4031.3514 | BA16: 734055 | BB16: 742338.05 | BC16: 822693.21 | BD16: 209068.94 | BE16: 0 | BF16: 48087850 | BG16: 89427004 | BH16: 1040496.1 | BI16: 12103.788 | BJ16: -1737523.8 | BK16: 38320141 | BL16: 1.2706222e+08 | BM16: 1.7515007e+08 | BN16: 0 | BO16: 0 | BP16: 1.7515007e+08 | BQ16: 1.7515007e+08 | BS16: =IFERROR(BF16/BM16,0) -> 0.27455227 | BT16: =IFERROR(BK16/BM16,0) -> 0.21878461 | BU16: 58627186 | BV16: =IFERROR(BU16/BM16,0) -> 0.33472545 | BW16: {=_xlfn.IFS(BV16>$BV$62,"Very High",BV16>$BV$61,"High",BV16>$BV$60,"Low",BV16<=$BV$60,"Very Low")} -> Very Low | BX16: K1 (BL Tinggi, FL Tinggi)
A17: 16 | B17: Industri Pengolahan Tembakau | C17: 1.6156 | D17: 0.8725 | E17: 0 | F17: 0 | G17: 7.019 | H17: 9.7298 | I17: 0.0355 | J17: 2.0025 | K17: 137.1405 | L17: 12.9007 | M17: 211.4131 | N17: 0 | O17: 6.4743 | P17: 1.733 | Q17: 4.999 | R17: 1.6442 | S17: 0.1357 | T17: 0 | U17: 0.3115 | V17: 4.595 | W17: 1.3223 | X17: 2.976 | Y17: 0.5623 | Z17: 0.0176 | AA17: 0.2266 | AB17: 0 | AC17: 0.4085 | AD17: 0.1081 | AE17: 0.1035 | AF17: 3.7221 | AG17: 0.0157 | AH17: 0.2028 | AI17: 56.8641 | AJ17: 7.2451 | AK17: 66.4245 | AL17: 1.3409 | AM17: 6.7074 | AN17: 1.4119 | AO17: 0.8168 | AP17: 11.4933 | AQ17: 1.5765 | AR17: 0.4037 | AS17: 1.3894 | AT17: 24.0591 | AU17: 10.281 | AV17: 4.4018 | AW17: 1.4191 | AX17: 0.0103 | AY17: 6.7884 | AZ17: 0.9685 | BA17: 21.9182 | BB17: 9.7251 | BC17: 0.737 | BD17: 1.4676 | BE17: 0 | BF17: 649.7372 | BG17: 1170.7477 | BH17: 0 | BI17: 3.4097 | BJ17: -0.3309 | BK17: 0 | BL17: 1173.8265 | BM17: 1823.5637 | BN17: 0 | BO17: 0 | BP17: 1823.5637 | BQ17: 1823.5637 | BS17: =IFERROR(BF17/BM17,0) -> 0.3563008 | BT17: =IFERROR(BK17/BM17,0) -> 0 | BU17: 1144.2429 | BV17: =IFERROR(BU17/BM17,0) -> 0.62747624 | BW17: {=_xlfn.IFS(BV17>$BV$62,"Very High",BV17>$BV$61,"High",BV17>$BV$60,"Low",BV17<=$BV$60,"Very Low")} -> High | BX17: K4 (BL Rendah, FL Rendah)
A18: 17 | B18: Industri Tekstil dan Pakaian Jadi | C18: 1834.211 | D18: 3849.7432 | E18: 97729.304 | F18: 3984.1409 | G18: 269.1111 | H18: 2281.9532 | I18: 1.5659 | J18: 223.6916 | K18: 324.5303 | L18: 322.3216 | M18: 4010.9443 | N18: 0 | O18: 66.9041 | P18: 0.7693 | Q18: 1920.4453 | R18: 0 | S18: 24650.49 | T18: 6.2895 | U18: 263.0337 | V18: 1982.6155 | W18: 1463.1141 | X18: 8424.3177 | Y18: 53.0908 | Z18: 0.4255 | AA18: 135.3258 | AB18: 0.1031 | AC18: 30.0848 | AD18: 975.3401 | AE18: 227.1929 | AF18: 0.3443 | AG18: 0.6012 | AH18: 26.1032 | AI18: 13612.068 | AJ18: 3893.4631 | AK18: 23477.845 | AL18: 0.266 | AM18: 10.2404 | AN18: 30.2146 | AO18: 0.2233 | AP18: 9.7319 | AQ18: 219.9806 | AR18: 509.9314 | AS18: 319.0151 | AT18: 350.9328 | AU18: 917.6598 | AV18: 112.9403 | AW18: 27.9646 | AX18: 0.1616 | AY18: 647.5789 | AZ18: 93.7883 | BA18: 3885.55 | BB18: 5112.4103 | BC18: 8581.0634 | BD18: 9499.6528 | BE18: 0 | BF18: 226370.79 | BG18: 497705.14 | BH18: 0 | BI18: 24504.428 | BJ18: 653.944 | BK18: 4682.0374 | BL18: 527545.54 | BM18: 753916.33 | BN18: 0 | BO18: 0 | BP18: 753916.33 | BQ18: 753916.33 | BS18: =IFERROR(BF18/BM18,0) -> 0.30025983 | BT18: =IFERROR(BK18/BM18,0) -> 0.0062102878 | BU18: 200226.32 | BV18: =IFERROR(BU18/BM18,0) -> 0.26558162 | BW18: {=_xlfn.IFS(BV18>$BV$62,"Very High",BV18>$BV$61,"High",BV18>$BV$60,"Low",BV18<=$BV$60,"Very Low")} -> Very Low | BX18: K2 (BL Tinggi, FL Rendah)
A19: 18 | B19: Industri Kulit, Barang dari Kulit dan Alas Kaki | C19: 0 | D19: 0 | E19: 0 | F19: 0 | G19: 0 | H19: 0 | I19: 0 | J19: 0 | K19: 0 | L19: 0 | M19: 0 | N19: 0 | O19: 0 | P19: 0 | Q19: 46.0266 | R19: 0 | S19: 0 | T19: 0 | U19: 0 | V19: 0 | W19: 0 | X19: 0 | Y19: 0 | Z19: 0 | AA19: 0 | AB19: 0 | AC19: 0 | AD19: 25.0566 | AE19: 0 | AF19: 0 | AG19: 0 | AH19: 30.8165 | AI19: 0 | AJ19: 0 | AK19: 0 | AL19: 0 | AM19: 0 | AN19: 0 | AO19: 0 | AP19: 0 | AQ19: 0 | AR19: 0 | AS19: 3.9922 | AT19: 0 | AU19: 0 | AV19: 0 | AW19: 0 | AX19: 0 | AY19: 0 | AZ19: 0 | BA19: 0 | BB19: 0 | BC19: 0 | BD19: 0 | BE19: 0 | BF19: 105.892 | BG19: 3066.1263 | BH19: 0 | BI19: 0 | BJ19: -71.8545 | BK19: 0 | BL19: 2994.2719 | BM19: 3100.1638 | BN19: 0 | BO19: 0 | BP19: 3100.1638 | BQ19: 3100.1638 | BS19: =IFERROR(BF19/BM19,0) -> 0.034156905 | BT19: =IFERROR(BK19/BM19,0) -> 0 | BU19: 1243.8277 | BV19: =IFERROR(BU19/BM19,0) -> 0.40121354 | BW19: {=_xlfn.IFS(BV19>$BV$62,"Very High",BV19>$BV$61,"High",BV19>$BV$60,"Low",BV19<=$BV$60,"Very Low")} -> Low | BX19: K2 (BL Tinggi, FL Rendah)
A20: 19 | B20: Industri Kayu, Barang dari Kayu dan Gabus dan Barang Anyaman dari Bambu, Rotan dan Sejenisnya | C20: 377.1349 | D20: 492.3282 | E20: 47128.184 | F20: 0 | G20: 156.9949 | H20: 2989.4806 | I20: 59.8979 | J20: 226.2498 | K20: 267.5592 | L20: 592.5242 | M20: 11243.155 | N20: 0 | O20: 1779.1309 | P20: 132.9508 | Q20: 11146.903 | R20: 0.0495 | S20: 75.1778 | T20: 0.2716 | U20: 7746.6572 | V20: 2585.4065 | W20: 1423.0655 | X20: 3192.6169 | Y20: 161.9819 | Z20: 11.9296 | AA20: 203.2209 | AB20: 5.3222 | AC20: 359.154 | AD20: 1715.0416 | AE20: 2254.4493 | AF20: 189.5605 | AG20: 1.7412 | AH20: 36.3861 | AI20: 326633.72 | AJ20: 868.9926 | AK20: 17723.163 | AL20: 145.7689 | AM20: 1023.914 | AN20: 116.8515 | AO20: 99.4256 | AP20: 1098.4478 | AQ20: 101.5845 | AR20: 116.0946 | AS20: 2183.3676 | AT20: 1606.5071 | AU20: 446.4004 | AV20: 214.4072 | AW20: 67.8834 | AX20: 0.3559 | AY20: 386.1273 | AZ20: 74.8051 | BA20: 1307.9277 | BB20: 867.8005 | BC20: 424.349 | BD20: 838.9371 | BE20: 0 | BF20: 452901.35 | BG20: 37725.88 | BH20: 75.3007 | BI20: 8188.7044 | BJ20: 12559.031 | BK20: 2049150.2 | BL20: 2107699.1 | BM20: 2560600.4 | BN20: 0 | BO20: 0 | BP20: 2560600.4 | BQ20: 2560600.4 | BS20: =IFERROR(BF20/BM20,0) -> 0.17687311 | BT20: =IFERROR(BK20/BM20,0) -> 0.80026159 | BU20: 1004870 | BV20: =IFERROR(BU20/BM20,0) -> 0.39243528 | BW20: {=_xlfn.IFS(BV20>$BV$62,"Very High",BV20>$BV$61,"High",BV20>$BV$60,"Low",BV20<=$BV$60,"Very Low")} -> Low | BX20: K2 (BL Tinggi, FL Rendah)
A21: 20 | B21: Industri Kertas dan Barang dari Kertas, Percetakan dan Reproduksi Media Rekaman | C21: 4758.9004 | D21: 13043.763 | E21: 7898.4745 | F21: 0 | G21: 249.643 | H21: 53649.425 | I21: 332.4787 | J21: 1769.565 | K21: 1371.0252 | L21: 68016.453 | M21: 668742.65 | N21: 0 | O21: 17807.513 | P21: 877.6048 | Q21: 109608.59 | R21: 0.2622 | S21: 1891.5614 | T21: 11.0252 | U21: 2369.0777 | V21: 4245575.4 | W21: 21645.177 | X21: 74508.036 | Y21: 4932.2438 | Z21: 195.4894 | AA21: 5171.863 | AB21: 33.8463 | AC21: 2506.484 | AD21: 2144.785 | AE21: 1580.3705 | AF21: 736.4548 | AG21: 39.0147 | AH21: 397.1761 | AI21: 496958.32 | AJ21: 111983.16 | AK21: 1522752.4 | AL21: 4988.8618 | AM21: 6794.0903 | AN21: 1348.9532 | AO21: 2912.0349 | AP21: 6493.0768 | AQ21: 3366.8586 | AR21: 2458.6165 | AS21: 17360.759 | AT21: 606775.48 | AU21: 38297.137 | AV21: 58975.188 | AW21: 12648.477 | AX21: 83.3367 | AY21: 46648.84 | AZ21: 12248.258 | BA21: 247691.6 | BB21: 363484.27 | BC21: 16962.033 | BD21: 25748.462 | BE21: 0 | BF21: 8918844.5 | BG21: 672909.89 | BH21: 477.8845 | BI21: 50536.097 | BJ21: -26134.64 | BK21: 13514155 | BL21: 14211944 | BM21: 23130789 | BN21: 0 | BO21: 0 | BP21: 23130789 | BQ21: 23130789 | BS21: =IFERROR(BF21/BM21,0) -> 0.38558324 | BT21: =IFERROR(BK21/BM21,0) -> 0.58424964 | BU21: 8070604.8 | BV21: =IFERROR(BU21/BM21,0) -> 0.34891179 | BW21: {=_xlfn.IFS(BV21>$BV$62,"Very High",BV21>$BV$61,"High",BV21>$BV$60,"Low",BV21<=$BV$60,"Very Low")} -> Very Low | BX21: K1 (BL Tinggi, FL Tinggi)
A22: 21 | B22: Industri Kimia, Farmasi dan Obat Tradisional | C22: 957501.07 | D22: 546843.33 | E22: 1127093.9 | F22: 782024.38 | G22: 89396.003 | H22: 363329.77 | I22: 10478.263 | J22: 3741.3075 | K22: 28140.389 | L22: 12925.105 | M22: 1256898.2 | N22: 0 | O22: 1599262.2 | P22: 11472.095 | Q22: 897181.37 | R22: 0 | S22: 121661.93 | T22: 325.0499 | U22: 135031.56 | V22: 1259900.1 | W22: 2580316.7 | X22: 3760631.9 | Y22: 161631.18 | Z22: 17328.85 | AA22: 90532.74 | AB22: 266.6421 | AC22: 20230.09 | AD22: 27295.719 | AE22: 59167.207 | AF22: 15919.232 | AG22: 27.6115 | AH22: 134386.03 | AI22: 1678166.2 | AJ22: 87302.806 | AK22: 552438.41 | AL22: 11793.779 | AM22: 21932.829 | AN22: 7070.5446 | AO22: 10067.032 | AP22: 6183.5973 | AQ22: 3940.6899 | AR22: 10746.002 | AS22: 29437.505 | AT22: 98427.688 | AU22: 19300.105 | AV22: 25775.026 | AW22: 5065.9731 | AX22: 17.3318 | AY22: 37931.776 | AZ22: 12753.042 | BA22: 177684.83 | BB22: 407259.36 | BC22: 990332.67 | BD22: 288369.8 | BE22: 0 | BF22: 20552937 | BG22: 2187241.4 | BH22: 1.4789 | BI22: 1120.635 | BJ22: -76777.913 | BK22: 355267.25 | BL22: 2466852.9 | BM22: 23019790 | BN22: 0 | BO22: 0 | BP22: 23019790 | BQ22: 23019790 | BS22: =IFERROR(BF22/BM22,0) -> 0.89283773 | BT22: =IFERROR(BK22/BM22,0) -> 0.015433123 | BU22: 7973084.3 | BV22: =IFERROR(BU22/BM22,0) -> 0.34635782 | BW22: {=_xlfn.IFS(BV22>$BV$62,"Very High",BV22>$BV$61,"High",BV22>$BV$60,"Low",BV22<=$BV$60,"Very Low")} -> Very Low | BX22: K1 (BL Tinggi, FL Tinggi)
... A56: 55 | B56: Sektor lain yang tidak jelas batasannya | C56: 0 | D56: 0 | E56: 0 | F56: 0 | G56: 0 | H56: 0 | I56: 0 | J56: 0 | K56: 0 | L56: 0 | M56: 0 | N56: 0 | O56: 0 | P56: 0 | Q56: 0 | R56: 0 | S56: 0 | T56: 0 | U56: 0 | V56: 0 | W56: 0 | X56: 0 | Y56: 0 | Z56: 0 | AA56: 0 | AB56: 0 | AC56: 0 | AD56: 0 | AE56: 0 | AF56: 0 | AG56: 0 | AH56: 0 | AI56: 0 | AJ56: 0 | AK56: 0 | AL56: 0 | AM56: 0 | AN56: 0 | AO56: 0 | AP56: 0 | AQ56: 0 | AR56: 0 | AS56: 0 | AT56: 0 | AU56: 0 | AV56: 0 | AW56: 0 | AX56: 0 | AY56: 0 | AZ56: 0 | BA56: 0 | BB56: 0 | BC56: 0 | BD56: 0 | BE56: 0 | BF56: 0 | BG56: 0 | BH56: 0 | BI56: 0 | BJ56: 0 | BK56: 0 | BL56: 0 | BM56: 0 | BN56: 0 | BO56: 0 | BP56: 0 | BQ56: 0 | BS56: =IFERROR(BF56/BM56,0) -> 0 | BT56: =IFERROR(BK56/BM56,0) -> 0 | BU56: 0 | BV56: =IFERROR(BU56/BM56,0) -> 0 | BW56: {=_xlfn.IFS(BV56>$BV$62,"Very High",BV56>$BV$61,"High",BV56>$BV$60,"Low",BV56<=$BV$60,"Very Low")} -> Very Low | BX56: K4 (BL Rendah, FL Rendah)
A57: 190 | B57: Input Antara | C57: 3415493.3 | D57: 1284743.8 | E57: 3820435.2 | F57: 6316869.6 | G57: 1725651 | H57: 3895638.6 | I57: 550434.46 | J57: 895926.96 | K57: 1641762.5 | L57: 6665457.3 | M57: 44257128 | N57: 0 | O57: 9791175.9 | P57: 7252095.6 | Q57: 96382523 | R57: 50.3607 | S57: 313116.58 | T57: 1264.3429 | U57: 1074640.4 | V57: 10959772 | W57: 10180969 | X57: 23211309 | Y57: 1870932.4 | Z57: 68812.683 | AA57: 454726.91 | AB57: 7008.3792 | AC57: 419825.03 | AD57: 130983.68 | AE57: 252407.93 | AF57: 5115921.6 | AG57: 50163.623 | AH57: 357390.14 | AI57: 54734640 | AJ57: 2930004.1 | AK57: 29965714 | AL57: 1805420.9 | AM57: 4690563.5 | AN57: 801544.93 | AO57: 569719.77 | AP57: 4548711.2 | AQ57: 784188.43 | AR57: 787474.67 | AS57: 14813130 | AT57: 8764045.5 | AU57: 984488.01 | AV57: 1145602.2 | AW57: 577473.25 | AX57: 3859.5358 | AY57: 3691875.5 | AZ57: 361822.06 | BA57: 7687398 | BB57: 4399730.1 | BC57: 3155962.8 | BD57: 1760285.7 | BE57: 0 | BF57: 3.9132828e+08 | BG57: 2.6396169e+08 | BH57: 38864456 | BI57: 1.7024103e+08 | BJ57: -2235762.8 | BK57: 2.6602336e+08 | BL57: 7.3685477e+08 | BM57: 1.1281831e+09 | BN57: 0 | BO57: 0 | BP57: 1.1281831e+09 | BQ57: 1.1281831e+09
A58: 200 | B58: Input Antara Impor | C58: 791206.13 | D58: 375015.64 | E58: 10486.257 | F58: 1047653.9 | G58: 30889.601 | H58: 1247792.6 | I58: 81133.536 | J58: 244472.75 | K58: 482112.46 | L58: 4388044.3 | M58: 16249141 | N58: 0 | O58: 3856568.4 | P58: 4506950.6 | Q58: 20140362 | R58: 628.9601 | S58: 240573.43 | T58: 591.9933 | U58: 481090.11 | V58: 4100412.2 | W58: 4865736.2 | X58: 7485108.9 | Y58: 242106.94 | Z58: 95536.518 | AA58: 619960.15 | AB58: 25619.018 | AC58: 685557.65 | AD58: 108923.47 | AE58: 230582.68 | AF58: 223639.74 | AG58: 2175.882 | AH58: 85678.691 | AI58: 47641645 | AJ58: 1776608.5 | AK58: 11740012 | AL58: 284577.11 | AM58: 1473237.1 | AN58: 209371.52 | AO58: 191470.61 | AP58: 1844824.4 | AQ58: 290366.84 | AR58: 185816.52 | AS58: 3101724.1 | AT58: 4194487.9 | AU58: 676431.5 | AV58: 508728.46 | AW58: 284257.83 | AX58: 2042.9631 | AY58: 850142.64 | AZ58: 198642.53 | BA58: 2651406.5 | BB58: 1903499.1 | BC58: 867220.87 | BD58: 621315.39 | BE58: 0 | BF58: 1.5444358e+08 | BG58: 1.2965198e+08 | BH58: 1431388.6 | BI58: 21622265 | BJ58: 0 | BK58: 0 | BL58: 1.5270563e+08 | BM58: 3.0714921e+08 | BN58: 3.0714921e+08 | BO58: 0 | BP58: 0 | BQ58: 3.0714921e+08 | BU58: MEDIAN | BV58: =MEDIAN(BV2:BV56) -> 0.57658079
A59: 201 | B59: Kompensasi Tenaga Kerja | C59: 5832812.2 | D59: 1851198.6 | E59: 3860684.2 | F59: 6957374.1 | G59: 1323432.8 | H59: 4019857.3 | I59: 729301.56 | J59: 3272004.5 | K59: 6038698.3 | L59: 5889766.4 | M59: 8563767.6 | N59: 0 | O59: 11920661 | P59: 3237441.4 | Q59: 16172781 | R59: 127.6953 | S59: 87834.296 | T59: 759.4107 | U59: 401808.37 | V59: 3723700.8 | W59: 1935170.2 | X59: 3850793.7 | Y59: 771312.5 | Z59: 13273.166 | AA59: 271293.01 | AB59: 7056.9827 | AC59: 45080.606 | AD59: 80306.659 | AE59: 139591.25 | AF59: 333821.81 | AG59: 18359.857 | AH59: 176337.22 | AI59: 29817694 | AJ59: 4895800.6 | AK59: 35240856 | AL59: 1517369.4 | AM59: 1480223.6 | AN59: 120405.68 | AO59: 212984.25 | AP59: 1550942.4 | AQ59: 545820.53 | AR59: 497994.94 | AS59: 5956839.8 | AT59: 5876975.7 | AU59: 3874819.1 | AV59: 1349774.3 | AW59: 799985.19 | AX59: 4062.7106 | AY59: 1604043.2 | AZ59: 351607.95 | BA59: 11241529 | BB59: 9986107.5 | BC59: 2123614.1 | BD59: 2206519.1 | BE59: 0 | BF59: 2.1278238e+08 | BG59: 0 | BH59: 0 | BI59: 0 | BJ59: 0 | BK59: 0 | BL59: 0 | BM59: 0 | BN59: 0 | BO59: 0 | BP59: 0 | BQ59: 0 | BU59: Min | BV59: =MIN(BV2:BV56) -> 0
A60: 202 | B60: Surplus Usaha (termasuk pendapatan campuran) Bruto | C60: 8301724.9 | D60: 3417178 | E60: 4430146.8 | F60: 8639149.2 | G60: 1747335.6 | H60: 3939592.9 | I60: 711635.02 | J60: 5009982.1 | K60: 9651785.6 | L60: 24288684 | M60: 37866401 | N60: 0 | O60: 17589721 | P60: 17052949 | Q60: 38725196 | R60: 346.8566 | S60: 92742.361 | T60: 374.9103 | U60: 577686.99 | V60: 3739406.3 | W60: 5599336.4 | X60: 7163823.7 | Y60: 753166.35 | Z60: 33451.696 | AA60: 263247.8 | AB60: 7349.3408 | AC60: 40161.505 | AD60: 77779.569 | AE60: 133284.67 | AF60: 1135677.9 | AG60: 105185.31 | AH60: 407606.64 | AI60: 33304679 | AJ60: 5590404.9 | AK60: 45486996 | AL60: 494158.3 | AM60: 4685255.1 | AN60: 312533.01 | AO60: 357200.86 | AP60: 2174799.4 | AQ60: 908284.61 | AR60: 951701.15 | AS60: 5436133 | AT60: 14522960 | AU60: 4362542.7 | AV60: 1999175.6 | AW60: 775295.46 | AX60: 5629.8589 | AY60: 17983268 | AZ60: 365503.24 | BA60: 5434543.5 | BB60: 3558443.7 | BC60: 1904269.1 | BD60: 2086452.6 | BE60: 0 | BF60: 3.5420234e+08 | BG60: 0 | BH60: 0 | BI60: 0 | BJ60: 0 | BK60: 0 | BL60: 0 | BM60: 0 | BN60: 0 | BO60: 0 | BP60: 0 | BQ60: 0 | BU60: Q1 | BV60: =_xlfn.QUARTILE.INC(BV2:BV56,1) -> 0.3824168
A61: 203 | B61: Pajak Atas Produksi Lainnya | C61: 287184.91 | D61: 49973.142 | E61: 131454.42 | F61: 710029.09 | G61: 21141.433 | H61: 36137.845 | I61: 8472.7813 | J61: 70381.682 | K61: 79836.204 | L61: 246984.56 | M61: 482279.76 | N61: 0 | O61: 560630.61 | P61: -295803.02 | Q61: 3729208.8 | R61: 669.6909 | S61: 19649.662 | T61: 109.5067 | U61: 25374.595 | V61: 607497.68 | W61: 438577.73 | X61: 1273793.7 | Y61: 64363.323 | Z61: 7901.5949 | AA61: 104114.11 | AB61: 5078.9987 | AC61: 12457.124 | AD61: 19384.312 | AE61: 32607.685 | AF61: -713391.1 | AG61: 264.9102 | AH61: 21769.143 | AI61: 4085600.4 | AJ61: 166336.03 | AK61: 426445.12 | AL61: -512190.24 | AM61: 74359.511 | AN61: -14735.86 | AO61: 8585.6602 | AP61: 149766.51 | AQ61: 9144.3348 | AR61: 114274.24 | AS61: 1011776.5 | AT61: 631322.27 | AU61: 20323.173 | AV61: 10824.496 | AW61: 8876.7999 | AX61: 51.8209 | AY61: 992818.37 | AZ61: 9668.9809 | BA61: 0 | BB61: 23542.654 | BC61: 37622.525 | BD61: 133924.06 | BE61: 0 | BF61: 15426472 | BG61: 0 | BH61: 0 | BI61: 0 | BJ61: 0 | BK61: 0 | BL61: 0 | BM61: 0 | BN61: 0 | BO61: 0 | BP61: 0 | BQ61: 0 | BU61: Q2 | BV61: =_xlfn.QUARTILE.INC(BV2:BV56,2) -> 0.57658079
A62: 204 | B62: Subsidi Atas Produksi Lainnya (-) | C62: 0 | D62: 0 | E62: 0 | F62: 0 | G62: 0 | H62: 0 | I62: 0 | J62: 0 | K62: 0 | L62: 0 | M62: 0 | N62: 0 | O62: 0 | P62: 0 | Q62: 0 | R62: 0 | S62: 0 | T62: 0 | U62: 0 | V62: 0 | W62: 0 | X62: 0 | Y62: 0 | Z62: 0 | AA62: 0 | AB62: 0 | AC62: 0 | AD62: 0 | AE62: 0 | AF62: 0 | AG62: 0 | AH62: 0 | AI62: 0 | AJ62: 0 | AK62: 0 | AL62: 0 | AM62: 0 | AN62: 0 | AO62: 0 | AP62: 0 | AQ62: 0 | AR62: 0 | AS62: 0 | AT62: 0 | AU62: 0 | AV62: 0 | AW62: 0 | AX62: 0 | AY62: 0 | AZ62: 0 | BA62: 0 | BB62: 0 | BC62: 0 | BD62: 0 | BE62: 0 | BF62: 0 | BG62: 0 | BH62: 0 | BI62: 0 | BJ62: 0 | BK62: 0 | BL62: 0 | BM62: 0 | BN62: 0 | BO62: 0 | BP62: 0 | BQ62: 0 | BU62: Q3 | BV62: =_xlfn.QUARTILE.INC(BV2:BV56,3) -> 0.67643116
A63: 209 | B63: Nilai Tambah Bruto | C63: 14421722 | D63: 5318349.7 | E63: 8422285.4 | F63: 16306552 | G63: 3091909.9 | H63: 7995588.1 | I63: 1449409.4 | J63: 8352368.3 | K63: 15770320 | L63: 30425435 | M63: 46912449 | N63: 0 | O63: 30071012 | P63: 19994588 | Q63: 58627186 | R63: 1144.2429 | S63: 200226.32 | T63: 1243.8277 | U63: 1004870 | V63: 8070604.8 | W63: 7973084.3 | X63: 12288411 | Y63: 1588842.2 | Z63: 54626.457 | AA63: 638654.93 | AB63: 19485.322 | AC63: 97699.234 | AD63: 177470.54 | AE63: 305483.61 | AF63: 756108.59 | AG63: 123810.07 | AH63: 605713 | AI63: 67207973 | AJ63: 10652542 | AK63: 81154297 | AL63: 1499337.4 | AM63: 6239838.2 | AN63: 418202.82 | AO63: 578770.77 | AP63: 3875508.4 | AQ63: 1463249.5 | AR63: 1563970.3 | AS63: 12404749 | AT63: 21031258 | AU63: 8257685 | AV63: 3359774.4 | AW63: 1584157.4 | AX63: 9744.3905 | AY63: 20580130 | AZ63: 726780.17 | BA63: 16676073 | BB63: 13568094 | BC63: 4065505.7 | BD63: 4426895.7 | BE63: 0 | BF63: 5.8241119e+08 | BG63: 0 | BH63: 0 | BI63: 0 | BJ63: 0 | BK63: 0 | BL63: 0 | BM63: 0 | BN63: 0 | BO63: 0 | BP63: 0 | BQ63: 0 | BU63: Max | BV63: =MAX(BV2:BV56) -> 0.88130927
A64: 210 | B64: Total Input | C64: 18628421 | D64: 6978109.2 | E64: 12253207 | F64: 23671076 | G64: 4848450.5 | H64: 13139019 | I64: 2080977.3 | J64: 9492768 | K64: 17894195 | L64: 41478936 | M64: 1.0741872e+08 | N64: 0 | O64: 43718756 | P64: 31753634 | Q64: 1.7515007e+08 | R64: 1823.5637 | S64: 753916.33 | T64: 3100.1638 | U64: 2560600.4 | V64: 23130789 | W64: 23019790 | X64: 42984829 | Y64: 3701881.5 | Z64: 218975.66 | AA64: 1713342 | AB64: 52112.72 | AC64: 1203081.9 | AD64: 417377.69 | AE64: 788474.21 | AF64: 6095669.9 | AG64: 176149.58 | AH64: 1048781.8 | AI64: 1.6958426e+08 | AJ64: 15359154 | AK64: 1.2286002e+08 | AL64: 3589335.5 | AM64: 12403639 | AN64: 1429119.3 | AO64: 1339961.1 | AP64: 10269044 | AQ64: 2537804.7 | AR64: 2537261.5 | AS64: 30319604 | AT64: 33989791 | AU64: 9918604.5 | AV64: 5014105.1 | AW64: 2445888.5 | AX64: 15646.889 | AY64: 25122148 | AZ64: 1287244.8 | BA64: 27014877 | BB64: 19871323 | BC64: 8088689.4 | BD64: 6808496.8 | BE64: 0 | BF64: 1.1281831e+09

Sheet DeskripsiSektor
A1: KodeSektor | B1: NamaSektor | C1: NamaPendek | D1: NamaSingkat | E1: KSM | F1: Constrained | G1: Unconstrained | H1: RateUnconstrained | I1: TenagaKerja
A2: 1 | B2: Pertanian Tanaman Pangan | C2: TP | D2: Tanaman pangan | E2: Pertanian, Kehutanan, dan Perikanan | F2: 1 | G2: 0 | H2: 0 | I2: 301420
A3: 2 | B3: Pertanian Tanaman Hortikultura Semusim, Hortikultura Tahunan, dan Lainnya | C3: Hort | D3: Hortikultura | E3: Pertanian, Kehutanan, dan Perikanan | F3: 1 | G3: 0 | H3: 0 | I3: 106345
A4: 3 | B4: Karet | C4: Krt | D4: Karet | E4: Pertanian, Kehutanan, dan Perikanan | F4: 1 | G4: 0 | H4: 0 | I4: 208167
A5: 4 | B5: Kelapa Sawit | C5: KS | D5: Kelapa sawit | E5: Pertanian, Kehutanan, dan Perikanan | F5: 1 | G5: 0 | H5: 0 | I5: 375145
A6: 5 | B6: Tanaman Perkebunan lainnya | C6: TPL | D6: Perkebunan lainnya | E6: Pertanian, Kehutanan, dan Perikanan | F6: 1 | G6: 0 | H6: 0 | I6: 71359
A7: 6 | B7: Peternakan | C7: Ptr | D7: Peternakan | E7: Pertanian, Kehutanan, dan Perikanan | F7: 1 | G7: 0 | H7: 0 | I7: 211536
A8: 7 | B8: Jasa Pertanian dan Perburuan | C8: JPP | D8: Jasa pertanian & perburuan | E8: Pertanian, Kehutanan, dan Perikanan | F8: 0 | G8: 1 | H8: 0.0022891363 | I8: 45609
A9: 8 | B9: Kehutanan dan Penebangan Kayu | C9: KPK | D9: Kehutanan & penebangan kayu | E9: Pertanian, Kehutanan, dan Perikanan | F9: 1 | G9: 0 | H9: 0 | I9: 196766
A10: 9 | B10: Perikanan | C10: Pkn | D10: Perikanan | E10: Pertanian, Kehutanan, dan Perikanan | F10: 1 | G10: 0 | H10: 0 | I10: 365350
A11: 10 | B11: Pertambangan Minyak, Gas dan Panas Bumi | C11: PMGP | D11: Pertambangan migas & panas bumi | E11: Pertambangan dan Penggalian | F11: 0 | G11: 1 | H11: -0.0118 | I11: 50788
A12: 11 | B12: Pertambangan Batubara dan Lignit | C12: PBL | D12: Pertambangan batubara | E12: Pertambangan dan Penggalian | F12: 0 | G12: 1 | H12: 0.1359 | I12: 31620
A13: 12 | B13: Pertambangan Bijih Logam | C13: PBjL | D13: Pertambangan bijih logam | E13: Pertambangan dan Penggalian | F13: 0 | G13: 1 | H13: 0 | I13: 0
... A56: 55 | B56: Sektor lain yang tidak jelas batasannya | C56: SLTJ | D56: Sektor lainnya | E56: Jasa Lainnya | F56: 0 | G56: 1 | H56: 0 | I56: 0

Sheet LDC Draft
A1: ID | B1: Land Cover | C1: Tanaman Pangan | D1: Tanaman Hortikultura | E1: Karet | F1: Kelapa Sawit | G1: Tanaman Perkebunan lainnya | H1: Peternakan | I1: Kehutanan | J1: Perikanan | K1: Peruntukan Lainnya | L1: SUM
A2: 1 | B2: Hutan lahan kering primer
A3: 2 | B3: Hutan sekunder kerapatan tinggi
A4: 3 | B4: Hutan sekunder kerapatan rendah
A5: 4 | B5: Hutan rawa primer
A6: 5 | B6: Hutan rawa sekunder
A7: 6 | B7: Hutan mangrove primer
A8: 7 | B8: Hutan mangrove sekunder
A9: 8 | B9: Tanaman kayu industri
A10: 9 | B10: Kebun campuran
A11: 10 | B11: Agroforestri kopi
A12: 11 | B12: Karet agroforestri | C12: 0.05 | E12: 0.5 | G12: 0.1 | K12: 0.35 | L12: =SUM(C12:K12) -> 1
A13: 12 | B13: Karet monokultur
A14: 13 | B14: Kelapa sawit skala besar
A15: 14 | B15: Kelapa sawit skala kecil
A16: 15 | B16: Kelapa
A17: 16 | B17: Teh
A18: 17 | B18: Sawah irigasi
A19: 18 | B19: Sawah tadah hujan
A20: 19 | B20: Tebu
A21: 20 | B21: Tanaman semusim lain
A22: 21 | B22: Semak belukar
A23: 22 | B23: Rerumputan
A24: 23 | B24: Tambang
... A28: 27 | B28: Tubuh air
A30: PENJELASAN
A31: Petunjuk Pengisian 1. Baris menunjukkan jenis tutupan lahan, sedangkan kolom menunjukkan jenis komoditas. 2. Pilih satu baris tutupan lahan, misalnya karet agroforestri. 3. Periksa setiap kolom untuk menentukan komoditas apa saja yang terdapat pada tutupan lahan tersebut dan perkirakan persentase luasnya. 4. Ulangi langkah yang sama untuk seluruh jenis tutupan lahan. 5. Periksa kolom SUM. Total persentase pada setiap baris harus 100% (atau 1 dalam format desimal). Contoh Pengisian Pada tutupan lahan karet agroforestri: - Karet: 50% - Tanaman pangan (misalnya jagung): 5% - Tanaman perkebunan lainnya: 10% - Peruntukan lainnya: 35% Interpretasi: Tutupan lahan karet agroforestri terdiri atas 50% karet, 5% tanaman pangan, 10% tanaman perkebunan lainnya, dan 35% sisanya adalah peruntukan lainnya.

Sheet BAU_Lahan
A1: ID | B1: Land Cover | C1: 2025 | D1: 2030 | E1: 2035 | F1: 2040 | G1: 2045 | H1: CAGR 1 | I1: CAGR 2 | J1: CAGR 3 | K1: CAGR 4 | L1: 2025 | M1: 2026 | N1: 2027 | O1: 2028 | P1: 2029 | Q1: 2030 | R1: 2031 | S1: 2032 | T1: 2033 | U1: 2034 | V1: 2035 | W1: 2036 | X1: 2037 | Y1: 2038 | Z1: 2039 | AA1: 2040 | AB1: 2041 | AC1: 2042 | AD1: 2043 | AE1: 2044 | AF1: 2045
A2: 1 | B2: Hutan lahan kering primer | C2: 281147 | D2: 248530 | E2: 234183 | F2: 226435 | G2: 221810 | H2: =((D2/C2)^(1/5))-1 -> -0.024361178 | I2: =((E2/D2)^(1/5))-1 -> -0.011821708 | J2: =((F2/E2)^(1/5))-1 -> -0.0067063977 | K2: =((G2/F2)^(1/5))-1 -> -0.0041188479 | L2: =C2 -> 281147 | M2: =C2*(1+H2) -> 274297.93 | N2: =M2*(1+$H2) -> 267615.71 | O2: =N2*(1+$H2) -> 261096.27 | P2: =O2*(1+$H2) -> 254735.66 | Q2: =P2*(1+$H2) -> 248530 | R2: =D2*(1+I2) -> 245591.95 | S2: =R2*(1+$I2) -> 242688.63 | T2: =S2*(1+$I2) -> 239819.64 | U2: =T2*(1+$I2) -> 236984.56 | V2: =U2*(1+$I2) -> 234183 | W2: =E2*(1+J2) -> 232612.48 | X2: =W2*(1+$J2) -> 231052.48 | Y2: =X2*(1+$J2) -> 229502.95 | Z2: =Y2*(1+$J2) -> 227963.82 | AA2: =Z2*(1+$J2) -> 226435 | AB2: =F2*(1+K2) -> 225502.35 | AC2: =AB2*(1+$K2) -> 224573.54 | AD2: =AC2*(1+$K2) -> 223648.55 | AE2: =AD2*(1+$K2) -> 222727.38 | AF2: =AE2*(1+$K2) -> 221810
A3: 2 | B3: Hutan sekunder kerapatan tinggi | C3: 268650 | D3: 262724 | E3: 254254 | F3: 243165 | G3: 231391 | H3: =((D3/C3)^(1/5))-1 -> -0.0044511373 | I3: =((E3/D3)^(1/5))-1 -> -0.0065326258 | J3: =((F3/E3)^(1/5))-1 -> -0.0088790547 | K3: =((G3/F3)^(1/5))-1 -> -0.0098771583 | L3: =C3 -> 268650 | M3: =C3*(1+H3) -> 267454.2 | N3: =M3*(1+$H3) -> 266263.73 | O3: =N3*(1+$H3) -> 265078.55 | P3: =O3*(1+$H3) -> 263898.65 | Q3: =P3*(1+$H3) -> 262724 | R3: =D3*(1+I3) -> 261007.72 | S3: =R3*(1+$I3) -> 259302.66 | T3: =S3*(1+$I3) -> 257608.73 | U3: =T3*(1+$I3) -> 255925.87 | V3: =U3*(1+$I3) -> 254254 | W3: =E3*(1+J3) -> 251996.46 | X3: =W3*(1+$J3) -> 249758.97 | Y3: =X3*(1+$J3) -> 247541.35 | Z3: =Y3*(1+$J3) -> 245343.42 | AA3: =Z3*(1+$J3) -> 243165 | AB3: =F3*(1+K3) -> 240763.22 | AC3: =AB3*(1+$K3) -> 238385.16 | AD3: =AC3*(1+$K3) -> 236030.6 | AE3: =AD3*(1+$K3) -> 233699.28 | AF3: =AE3*(1+$K3) -> 231391
A4: 3 | B4: Hutan sekunder kerapatan rendah | C4: 182483 | D4: 203346 | E4: 221991 | F4: 234159 | G4: 244359 | H4: =((D4/C4)^(1/5))-1 -> 0.021886459 | I4: =((E4/D4)^(1/5))-1 -> 0.017700404 | J4: =((F4/E4)^(1/5))-1 -> 0.010729863 | K4: =((G4/F4)^(1/5))-1 -> 0.0085640804 | L4: =C4 -> 182483 | M4: =C4*(1+H4) -> 186476.91 | N4: =M4*(1+$H4) -> 190558.23 | O4: =N4*(1+$H4) -> 194728.87 | P4: =O4*(1+$H4) -> 198990.8 | Q4: =P4*(1+$H4) -> 203346 | R4: =D4*(1+I4) -> 206945.31 | S4: =R4*(1+$I4) -> 210608.32 | T4: =S4*(1+$I4) -> 214336.17 | U4: =T4*(1+$I4) -> 218130.01 | V4: =U4*(1+$I4) -> 221991 | W4: =E4*(1+J4) -> 224372.93 | X4: =W4*(1+$J4) -> 226780.42 | Y4: =X4*(1+$J4) -> 229213.75 | Z4: =Y4*(1+$J4) -> 231673.18 | AA4: =Z4*(1+$J4) -> 234159 | AB4: =F4*(1+K4) -> 236164.36 | AC4: =AB4*(1+$K4) -> 238186.89 | AD4: =AC4*(1+$K4) -> 240226.74 | AE4: =AD4*(1+$K4) -> 242284.06 | AF4: =AE4*(1+$K4) -> 244359
A5: 4 | B5: Hutan rawa primer | C5: 34376 | D5: 32885 | E5: 31890 | F5: 31143 | G5: 30486 | H5: =((D5/C5)^(1/5))-1 -> -0.0088291956 | I5: =((E5/D5)^(1/5))-1 -> -0.0061259883 | J5: =((F5/E5)^(1/5))-1 -> -0.0047293771 | K5: =((G5/F5)^(1/5))-1 -> -0.0042553082 | L5: =C5 -> 34376 | M5: =C5*(1+H5) -> 34072.488 | N5: =M5*(1+$H5) -> 33771.655 | O5: =N5*(1+$H5) -> 33473.478 | P5: =O5*(1+$H5) -> 33177.934 | Q5: =P5*(1+$H5) -> 32885 | R5: =D5*(1+I5) -> 32683.547 | S5: =R5*(1+$I5) -> 32483.328 | T5: =S5*(1+$I5) -> 32284.335 | U5: =T5*(1+$I5) -> 32086.562 | V5: =U5*(1+$I5) -> 31890 | W5: =E5*(1+J5) -> 31739.18 | X5: =W5*(1+$J5) -> 31589.074 | Y5: =X5*(1+$J5) -> 31439.677 | Z5: =Y5*(1+$J5) -> 31290.987 | AA5: =Z5*(1+$J5) -> 31143 | AB5: =F5*(1+K5) -> 31010.477 | AC5: =AB5*(1+$K5) -> 30878.518 | AD5: =AC5*(1+$K5) -> 30747.12 | AE5: =AD5*(1+$K5) -> 30616.282 | AF5: =AE5*(1+$K5) -> 30486
A6: 5 | B6: Hutan rawa sekunder | C6: 436939 | D6: 434757 | E6: 432589 | F6: 430441 | G6: 428303 | H6: =((D6/C6)^(1/5))-1 -> -0.0010007675 | I6: =((E6/D6)^(1/5))-1 -> -0.00099933409 | J6: =((F6/E6)^(1/5))-1 -> -0.00099506879 | K6: =((G6/F6)^(1/5))-1 -> -0.00099537938 | L6: =C6 -> 436939 | M6: =C6*(1+H6) -> 436501.73 | N6: =M6*(1+$H6) -> 436064.89 | O6: =N6*(1+$H6) -> 435628.49 | P6: =O6*(1+$H6) -> 435192.53 | Q6: =P6*(1+$H6) -> 434757 | R6: =D6*(1+I6) -> 434322.53 | S6: =R6*(1+$I6) -> 433888.5 | T6: =S6*(1+$I6) -> 433454.9 | U6: =T6*(1+$I6) -> 433021.73 | V6: =U6*(1+$I6) -> 432589 | W6: =E6*(1+J6) -> 432158.54 | X6: =W6*(1+$J6) -> 431728.52 | Y6: =X6*(1+$J6) -> 431298.92 | Z6: =Y6*(1+$J6) -> 430869.75 | AA6: =Z6*(1+$J6) -> 430441 | AB6: =F6*(1+K6) -> 430012.55 | AC6: =AB6*(1+$K6) -> 429584.52 | AD6: =AC6*(1+$K6) -> 429156.92 | AE6: =AD6*(1+$K6) -> 428729.75 | AF6: =AE6*(1+$K6) -> 428303
A7: 6 | B7: Hutan mangrove primer | C7: 99848 | D7: 100046 | E7: 98372 | F7: 96947 | G7: 95654 | H7: =((D7/C7)^(1/5))-1 -> 0.00039628862 | I7: =((E7/D7)^(1/5))-1 -> -0.0033690858 | J7: =((F7/E7)^(1/5))-1 -> -0.0029141004 | K7: =((G7/F7)^(1/5))-1 -> -0.0026817822 | L7: =C7 -> 99848 | M7: =C7*(1+H7) -> 99887.569 | N7: =M7*(1+$H7) -> 99927.153 | O7: =N7*(1+$H7) -> 99966.753 | P7: =O7*(1+$H7) -> 100006.37 | Q7: =P7*(1+$H7) -> 100046 | R7: =D7*(1+I7) -> 99708.936 | S7: =R7*(1+$I7) -> 99373.008 | T7: =S7*(1+$I7) -> 99038.212 | U7: =T7*(1+$I7) -> 98704.544 | V7: =U7*(1+$I7) -> 98372 | W7: =E7*(1+J7) -> 98085.334 | X7: =W7*(1+$J7) -> 97799.504 | Y7: =X7*(1+$J7) -> 97514.506 | Z7: =Y7*(1+$J7) -> 97230.339 | AA7: =Z7*(1+$J7) -> 96947 | AB7: =F7*(1+K7) -> 96687.009 | AC7: =AB7*(1+$K7) -> 96427.716 | AD7: =AC7*(1+$K7) -> 96169.118 | AE7: =AD7*(1+$K7) -> 95911.213 | AF7: =AE7*(1+$K7) -> 95654
A8: 7 | B8: Hutan mangrove sekunder | C8: 109515 | D8: 93939 | E8: 85489 | F8: 78874 | G8: 73381 | H8: =((D8/C8)^(1/5))-1 -> -0.030217227 | I8: =((E8/D8)^(1/5))-1 -> -0.018675005 | J8: =((F8/E8)^(1/5))-1 -> -0.015978187 | K8: =((G8/F8)^(1/5))-1 -> -0.014333601 | L8: =C8 -> 109515 | M8: =C8*(1+H8) -> 106205.76 | N8: =M8*(1+$H8) -> 102996.52 | O8: =N8*(1+$H8) -> 99884.248 | P8: =O8*(1+$H8) -> 96866.023 | Q8: =P8*(1+$H8) -> 93939 | R8: =D8*(1+I8) -> 92184.689 | S8: =R8*(1+$I8) -> 90463.139 | T8: =S8*(1+$I8) -> 88773.74 | U8: =T8*(1+$I8) -> 87115.89 | V8: =U8*(1+$I8) -> 85489 | W8: =E8*(1+J8) -> 84123.041 | X8: =W8*(1+$J8) -> 82778.907 | Y8: =X8*(1+$J8) -> 81456.25 | Z8: =Y8*(1+$J8) -> 80154.727 | AA8: =Z8*(1+$J8) -> 78874 | AB8: =F8*(1+K8) -> 77743.452 | AC8: =AB8*(1+$K8) -> 76629.108 | AD8: =AC8*(1+$K8) -> 75530.737 | AE8: =AD8*(1+$K8) -> 74448.109 | AF8: =AE8*(1+$K8) -> 73381
A9: 8 | B9: Tanaman kayu industri | C9: 417121 | D9: 446937 | E9: 449729 | F9: 445014 | G9: 434627 | H9: =((D9/C9)^(1/5))-1 -> 0.013904034 | I9: =((E9/D9)^(1/5))-1 -> 0.0012462828 | J9: =((F9/E9)^(1/5))-1 -> -0.0021056673 | K9: =((G9/F9)^(1/5))-1 -> -0.0047123718 | L9: =C9 -> 417121 | M9: =C9*(1+H9) -> 422920.66 | N9: =M9*(1+$H9) -> 428800.97 | O9: =N9*(1+$H9) -> 434763.03 | P9: =O9*(1+$H9) -> 440807.99 | Q9: =P9*(1+$H9) -> 446937 | R9: =D9*(1+I9) -> 447494.01 | S9: =R9*(1+$I9) -> 448051.71 | T9: =S9*(1+$I9) -> 448610.11 | U9: =T9*(1+$I9) -> 449169.21 | V9: =U9*(1+$I9) -> 449729 | W9: =E9*(1+J9) -> 448782.02 | X9: =W9*(1+$J9) -> 447837.03 | Y9: =X9*(1+$J9) -> 446894.04 | Z9: =Y9*(1+$J9) -> 445953.03 | AA9: =Z9*(1+$J9) -> 445014 | AB9: =F9*(1+K9) -> 442916.93 | AC9: =AB9*(1+$K9) -> 440829.74 | AD9: =AC9*(1+$K9) -> 438752.39 | AE9: =AD9*(1+$K9) -> 436684.82 | AF9: =AE9*(1+$K9) -> 434627
A10: 9 | B10: Kebun campuran | C10: 204935 | D10: 184899 | E10: 185130 | F10: 187579 | G10: 188722 | H10: =((D10/C10)^(1/5))-1 -> -0.020366371 | I10: =((E10/D10)^(1/5))-1 -> 0.00024974137 | J10: =((F10/E10)^(1/5))-1 -> 0.002631819 | K10: =((G10/F10)^(1/5))-1 -> 0.0012157269 | L10: =C10 -> 204935 | M10: =C10*(1+H10) -> 200761.22 | N10: =M10*(1+$H10) -> 196672.44 | O10: =N10*(1+$H10) -> 192666.94 | P10: =O10*(1+$H10) -> 188743.01 | Q10: =P10*(1+$H10) -> 184899 | R10: =D10*(1+I10) -> 184945.18 | S10: =R10*(1+$I10) -> 184991.37 | T10: =S10*(1+$I10) -> 185037.57 | U10: =T10*(1+$I10) -> 185083.78 | V10: =U10*(1+$I10) -> 185130 | W10: =E10*(1+J10) -> 185617.23 | X10: =W10*(1+$J10) -> 186105.74 | Y10: =X10*(1+$J10) -> 186595.54 | Z10: =Y10*(1+$J10) -> 187086.62 | AA10: =Z10*(1+$J10) -> 187579 | AB10: =F10*(1+K10) -> 187807.04 | AC10: =AB10*(1+$K10) -> 188035.37 | AD10: =AC10*(1+$K10) -> 188263.97 | AE10: =AD10*(1+$K10) -> 188492.84 | AF10: =AE10*(1+$K10) -> 188722
A11: 10 | B11: Agroforestri kopi | C11: 532082 | D11: 562951 | E11: 585693 | F11: 603593 | G11: 617303 | H11: =((D11/C11)^(1/5))-1 -> 0.011342843 | I11: =((E11/D11)^(1/5))-1 -> 0.0079520854 | J11: =((F11/E11)^(1/5))-1 -> 0.0060390355 | K11: =((G11/F11)^(1/5))-1 -> 0.0045020759 | L11: =C11 -> 532082 | M11: =C11*(1+H11) -> 538117.32 | N11: =M11*(1+$H11) -> 544221.1 | O11: =N11*(1+$H11) -> 550394.12 | P11: =O11*(1+$H11) -> 556637.15 | Q11: =P11*(1+$H11) -> 562951 | R11: =D11*(1+I11) -> 567427.63 | S11: =R11*(1+$I11) -> 571939.87 | T11: =S11*(1+$I11) -> 576487.98 | U11: =T11*(1+$I11) -> 581072.26 | V11: =U11*(1+$I11) -> 585693 | W11: =E11*(1+J11) -> 589230.02 | X11: =W11*(1+$J11) -> 592788.4 | Y11: =X11*(1+$J11) -> 596368.27 | Z11: =Y11*(1+$J11) -> 599969.76 | AA11: =Z11*(1+$J11) -> 603593 | AB11: =F11*(1+K11) -> 606310.42 | AC11: =AB11*(1+$K11) -> 609040.08 | AD11: =AC11*(1+$K11) -> 611782.02 | AE11: =AD11*(1+$K11) -> 614536.31 | AF11: =AE11*(1+$K11) -> 617303
A12: 11 | B12: Karet agroforestri | C12: 341390 | D12: 299519 | E12: 276889 | F12: 270500 | G12: 266435 | H12: =((D12/C12)^(1/5))-1 -> -0.025830078 | I12: =((E12/D12)^(1/5))-1 -> -0.015589437 | J12: =((F12/E12)^(1/5))-1 -> -0.0046580386 | K12: =((G12/F12)^(1/5))-1 -> -0.0030237765 | L12: =C12 -> 341390 | M12: =C12*(1+H12) -> 332571.87 | N12: =M12*(1+$H12) -> 323981.51 | O12: =N12*(1+$H12) -> 315613.04 | P12: =O12*(1+$H12) -> 307460.73 | Q12: =P12*(1+$H12) -> 299519 | R12: =D12*(1+I12) -> 294849.67 | S12: =R12*(1+$I12) -> 290253.13 | T12: =S12*(1+$I12) -> 285728.24 | U12: =T12*(1+$I12) -> 281273.9 | V12: =U12*(1+$I12) -> 276889 | W12: =E12*(1+J12) -> 275599.24 | X12: =W12*(1+$J12) -> 274315.49 | Y12: =X12*(1+$J12) -> 273037.72 | Z12: =Y12*(1+$J12) -> 271765.9 | AA12: =Z12*(1+$J12) -> 270500 | AB12: =F12*(1+K12) -> 269682.07 | AC12: =AB12*(1+$K12) -> 268866.61 | AD12: =AC12*(1+$K12) -> 268053.62 | AE12: =AD12*(1+$K12) -> 267243.08 | AF12: =AE12*(1+$K12) -> 266435
A13: 12 | B13: Karet monokultur | C13: 1483502 | D13: 1483939 | E13: 1444479 | F13: 1401662 | G13: 1363497 | H13: =((D13/C13)^(1/5))-1 -> 5.8907709e-05 | I13: =((E13/D13)^(1/5))-1 -> -0.0053757657 | J13: =((F13/E13)^(1/5))-1 -> -0.0059999336 | K13: =((G13/F13)^(1/5))-1 -> -0.0055059767 | L13: =C13 -> 1483502 | M13: =C13*(1+H13) -> 1483589.4 | N13: =M13*(1+$H13) -> 1483676.8 | O13: =N13*(1+$H13) -> 1483764.2 | P13: =O13*(1+$H13) -> 1483851.6 | Q13: =P13*(1+$H13) -> 1483939 | R13: =D13*(1+I13) -> 1475961.7 | S13: =R13*(1+$I13) -> 1468027.3 | T13: =S13*(1+$I13) -> 1460135.5 | U13: =T13*(1+$I13) -> 1452286.2 | V13: =U13*(1+$I13) -> 1444479 | W13: =E13*(1+J13) -> 1435812.2 | X13: =W13*(1+$J13) -> 1427197.4 | Y13: =X13*(1+$J13) -> 1418634.4 | Z13: =Y13*(1+$J13) -> 1410122.6 | AA13: =Z13*(1+$J13) -> 1401662 | AB13: =F13*(1+K13) -> 1393944.5 | AC13: =AB13*(1+$K13) -> 1386269.5 | AD13: =AC13*(1+$K13) -> 1378636.7 | AE13: =AD13*(1+$K13) -> 1371045.9 | AF13: =AE13*(1+$K13) -> 1363497
... A28: 27 | B28: Tubuh air | C28: 165172 | D28: 165001 | E28: 165001 | F28: 165001 | G28: 165001 | H28: =((D28/C28)^(1/5))-1 -> -0.00020714268 | I28: =((E28/D28)^(1/5))-1 -> 0 | J28: =((F28/E28)^(1/5))-1 -> 0 | K28: =((G28/F28)^(1/5))-1 -> 0 | L28: =C28 -> 165172 | M28: =C28*(1+H28) -> 165137.79 | N28: =M28*(1+$H28) -> 165103.58 | O28: =N28*(1+$H28) -> 165069.38 | P28: =O28*(1+$H28) -> 165035.19 | Q28: =P28*(1+$H28) -> 165001 | R28: =D28*(1+I28) -> 165001 | S28: =R28*(1+$I28) -> 165001 | T28: =S28*(1+$I28) -> 165001 | U28: =T28*(1+$I28) -> 165001 | V28: =U28*(1+$I28) -> 165001 | W28: =E28*(1+J28) -> 165001 | X28: =W28*(1+$J28) -> 165001 | Y28: =X28*(1+$J28) -> 165001 | Z28: =Y28*(1+$J28) -> 165001 | AA28: =Z28*(1+$J28) -> 165001 | AB28: =F28*(1+K28) -> 165001 | AC28: =AB28*(1+$K28) -> 165001 | AD28: =AC28*(1+$K28) -> 165001 | AE28: =AD28*(1+$K28) -> 165001 | AF28: =AE28*(1+$K28) -> 165001
Q30: =Q2=D2 -> TRUE | V30: =V2=E2 -> TRUE | AA30: =AA2=F2 -> TRUE | AF30: =AF2=G2 -> TRUE
B32: BAU_Lahan
A33: =A1 -> ID | B33: =B1 -> Land Cover | C33: =L1 -> 2025 | D33: =M1 -> 2026 | E33: =N1 -> 2027 | F33: =O1 -> 2028 | G33: =P1 -> 2029 | H33: =Q1 -> 2030 | I33: =R1 -> 2031 | J33: =S1 -> 2032 | ... W33: =AF1 -> 2045
A34: =A2 -> 1 | B34: =B2 -> Hutan lahan kering primer | C34: =L2 -> 281147 | D34: =M2 -> 274297.93 | E34: =N2 -> 267615.71 | F34: =O2 -> 261096.27 | G34: =P2 -> 254735.66 | H34: =Q2 -> 248530 | I34: =R2 -> 245591.95 | J34: =S2 -> 242688.63 | ... W34: =AF2 -> 221810
A35: =A3 -> 2 | B35: =B3 -> Hutan sekunder kerapatan tinggi | C35: =L3 -> 268650 | D35: =M3 -> 267454.2 | E35: =N3 -> 266263.73 | F35: =O3 -> 265078.55 | G35: =P3 -> 263898.65 | H35: =Q3 -> 262724 | I35: =R3 -> 261007.72 | J35: =S3 -> 259302.66 | ... W35: =AF3 -> 231391
A36: =A4 -> 3 | B36: =B4 -> Hutan sekunder kerapatan rendah | C36: =L4 -> 182483 | D36: =M4 -> 186476.91 | E36: =N4 -> 190558.23 | F36: =O4 -> 194728.87 | G36: =P4 -> 198990.8 | H36: =Q4 -> 203346 | I36: =R4 -> 206945.31 | J36: =S4 -> 210608.32 | ... W36: =AF4 -> 244359
A37: =A5 -> 4 | B37: =B5 -> Hutan rawa primer | C37: =L5 -> 34376 | D37: =M5 -> 34072.488 | E37: =N5 -> 33771.655 | F37: =O5 -> 33473.478 | G37: =P5 -> 33177.934 | H37: =Q5 -> 32885 | I37: =R5 -> 32683.547 | J37: =S5 -> 32483.328 | ... W37: =AF5 -> 30486
A38: =A6 -> 5 | B38: =B6 -> Hutan rawa sekunder | C38: =L6 -> 436939 | D38: =M6 -> 436501.73 | E38: =N6 -> 436064.89 | F38: =O6 -> 435628.49 | G38: =P6 -> 435192.53 | H38: =Q6 -> 434757 | I38: =R6 -> 434322.53 | J38: =S6 -> 433888.5 | ... W38: =AF6 -> 428303
A39: =A7 -> 6 | B39: =B7 -> Hutan mangrove primer | C39: =L7 -> 99848 | D39: =M7 -> 99887.569 | E39: =N7 -> 99927.153 | F39: =O7 -> 99966.753 | G39: =P7 -> 100006.37 | H39: =Q7 -> 100046 | I39: =R7 -> 99708.936 | J39: =S7 -> 99373.008 | ... W39: =AF7 -> 95654
A40: =A8 -> 7 | B40: =B8 -> Hutan mangrove sekunder | C40: =L8 -> 109515 | D40: =M8 -> 106205.76 | E40: =N8 -> 102996.52 | F40: =O8 -> 99884.248 | G40: =P8 -> 96866.023 | H40: =Q8 -> 93939 | I40: =R8 -> 92184.689 | J40: =S8 -> 90463.139 | ... W40: =AF8 -> 73381
A41: =A9 -> 8 | B41: =B9 -> Tanaman kayu industri | C41: =L9 -> 417121 | D41: =M9 -> 422920.66 | E41: =N9 -> 428800.97 | F41: =O9 -> 434763.03 | G41: =P9 -> 440807.99 | H41: =Q9 -> 446937 | I41: =R9 -> 447494.01 | J41: =S9 -> 448051.71 | ... W41: =AF9 -> 434627
A42: =A10 -> 9 | B42: =B10 -> Kebun campuran | C42: =L10 -> 204935 | D42: =M10 -> 200761.22 | E42: =N10 -> 196672.44 | F42: =O10 -> 192666.94 | G42: =P10 -> 188743.01 | H42: =Q10 -> 184899 | I42: =R10 -> 184945.18 | J42: =S10 -> 184991.37 | ... W42: =AF10 -> 188722
A43: =A11 -> 10 | B43: =B11 -> Agroforestri kopi | C43: =L11 -> 532082 | D43: =M11 -> 538117.32 | E43: =N11 -> 544221.1 | F43: =O11 -> 550394.12 | G43: =P11 -> 556637.15 | H43: =Q11 -> 562951 | I43: =R11 -> 567427.63 | J43: =S11 -> 571939.87 | ... W43: =AF11 -> 617303
A44: =A12 -> 11 | B44: =B12 -> Karet agroforestri | C44: =L12 -> 341390 | D44: =M12 -> 332571.87 | E44: =N12 -> 323981.51 | F44: =O12 -> 315613.04 | G44: =P12 -> 307460.73 | H44: =Q12 -> 299519 | I44: =R12 -> 294849.67 | J44: =S12 -> 290253.13 | ... W44: =AF12 -> 266435
... A60: =A28 -> 27 | B60: =B28 -> Tubuh air | C60: =L28 -> 165172 | D60: =M28 -> 165137.79 | E60: =N28 -> 165103.58 | F60: =O28 -> 165069.38 | G60: =P28 -> 165035.19 | H60: =Q28 -> 165001 | I60: =R28 -> 165001 | J60: =S28 -> 165001 | ... W60: =AF28 -> 165001

Sheet LAS_Lahan
A1: ID | B1: Land Cover | C1: 2025 | D1: 2030 | E1: 2035 | F1: 2040 | G1: 2045 | H1: CAGR 1 | I1: CAGR 2 | J1: CAGR 3 | K1: CAGR 4 | L1: 2025 | M1: 2026 | N1: 2027 | O1: 2028 | P1: 2029 | Q1: 2030 | R1: 2031 | S1: 2032 | T1: 2033 | U1: 2034 | V1: 2035 | W1: 2036 | X1: 2037 | Y1: 2038 | Z1: 2039 | AA1: 2040 | AB1: 2041 | AC1: 2042 | AD1: 2043 | AE1: 2044 | AF1: 2045
A2: 1 | B2: Hutan lahan kering primer | C2: 281147 | D2: 256158 | E2: 242683 | F2: 234993 | G2: 230802 | H2: =((D2/C2)^(1/5))-1 -> -0.018444425 | I2: =((E2/D2)^(1/5))-1 -> -0.010749482 | J2: =((F2/E2)^(1/5))-1 -> -0.0064193749 | K2: =((G2/F2)^(1/5))-1 -> -0.0035926363 | L2: =C2 -> 281147 | M2: =C2*(1+H2) -> 275961.41 | N2: =M2*(1+$H2) -> 270871.46 | O2: =N2*(1+$H2) -> 265875.39 | P2: =O2*(1+$H2) -> 260971.47 | Q2: =P2*(1+$H2) -> 256158 | R2: =D2*(1+I2) -> 253404.43 | S2: =R2*(1+$I2) -> 250680.47 | T2: =S2*(1+$I2) -> 247985.78 | U2: =T2*(1+$I2) -> 245320.06 | V2: =U2*(1+$I2) -> 242683 | W2: =E2*(1+J2) -> 241125.13 | X2: =W2*(1+$J2) -> 239577.25 | Y2: =X2*(1+$J2) -> 238039.32 | Z2: =Y2*(1+$J2) -> 236511.25 | AA2: =Z2*(1+$J2) -> 234993 | AB2: =F2*(1+K2) -> 234148.76 | AC2: =AB2*(1+$K2) -> 233307.54 | AD2: =AC2*(1+$K2) -> 232469.36 | AE2: =AD2*(1+$K2) -> 231634.18 | AF2: =AE2*(1+$K2) -> 230802
A3: 2 | B3: Hutan sekunder kerapatan tinggi | C3: 268650 | D3: 261133 | E3: 256451 | F3: 250272 | G3: 242428 | H3: =((D3/C3)^(1/5))-1 -> -0.0056598347 | I3: =((E3/D3)^(1/5))-1 -> -0.0036119099 | J3: =((F3/E3)^(1/5))-1 -> -0.0048659799 | K3: =((G3/F3)^(1/5))-1 -> -0.0063484762 | L3: =C3 -> 268650 | M3: =C3*(1+H3) -> 267129.49 | N3: =M3*(1+$H3) -> 265617.58 | O3: =N3*(1+$H3) -> 264114.23 | P3: =O3*(1+$H3) -> 262619.38 | Q3: =P3*(1+$H3) -> 261133 | R3: =D3*(1+I3) -> 260189.81 | S3: =R3*(1+$I3) -> 259250.03 | T3: =S3*(1+$I3) -> 258313.64 | U3: =T3*(1+$I3) -> 257380.64 | V3: =U3*(1+$I3) -> 256451 | W3: =E3*(1+J3) -> 255203.11 | X3: =W3*(1+$J3) -> 253961.3 | Y3: =X3*(1+$J3) -> 252725.53 | Z3: =Y3*(1+$J3) -> 251495.77 | AA3: =Z3*(1+$J3) -> 250272 | AB3: =F3*(1+K3) -> 248683.15 | AC3: =AB3*(1+$K3) -> 247104.4 | AD3: =AC3*(1+$K3) -> 245535.66 | AE3: =AD3*(1+$K3) -> 243976.88 | AF3: =AE3*(1+$K3) -> 242428
A4: 3 | B4: Hutan sekunder kerapatan rendah | C4: 182483 | D4: 207346 | E4: 226330 | F4: 239271 | G4: 250297 | H4: =((D4/C4)^(1/5))-1 -> 0.025875481 | I4: =((E4/D4)^(1/5))-1 -> 0.017675437 | J4: =((F4/E4)^(1/5))-1 -> 0.011182601 | K4: =((G4/F4)^(1/5))-1 -> 0.0090509972 | L4: =C4 -> 182483 | M4: =C4*(1+H4) -> 187204.84 | N4: =M4*(1+$H4) -> 192048.85 | O4: =N4*(1+$H4) -> 197018.21 | P4: =O4*(1+$H4) -> 202116.15 | Q4: =P4*(1+$H4) -> 207346 | R4: =D4*(1+I4) -> 211010.93 | S4: =R4*(1+$I4) -> 214740.64 | T4: =S4*(1+$I4) -> 218536.28 | U4: =T4*(1+$I4) -> 222399 | V4: =U4*(1+$I4) -> 226330 | W4: =E4*(1+J4) -> 228860.96 | X4: =W4*(1+$J4) -> 231420.22 | Y4: =X4*(1+$J4) -> 234008.1 | Z4: =Y4*(1+$J4) -> 236624.92 | AA4: =Z4*(1+$J4) -> 239271 | AB4: =F4*(1+K4) -> 241436.64 | AC4: =AB4*(1+$K4) -> 243621.88 | AD4: =AC4*(1+$K4) -> 245826.9 | AE4: =AD4*(1+$K4) -> 248051.88 | AF4: =AE4*(1+$K4) -> 250297
A5: 4 | B5: Hutan rawa primer | C5: 34376 | D5: 33113 | E5: 32344 | F5: 31797 | G5: 31325 | H5: =((D5/C5)^(1/5))-1 -> -0.0074585841 | I5: =((E5/D5)^(1/5))-1 -> -0.0046884591 | J5: =((F5/E5)^(1/5))-1 -> -0.0034055054 | K5: =((G5/F5)^(1/5))-1 -> -0.0029866201 | L5: =C5 -> 34376 | M5: =C5*(1+H5) -> 34119.604 | N5: =M5*(1+$H5) -> 33865.12 | O5: =N5*(1+$H5) -> 33612.534 | P5: =O5*(1+$H5) -> 33361.832 | Q5: =P5*(1+$H5) -> 33113 | R5: =D5*(1+I5) -> 32957.751 | S5: =R5*(1+$I5) -> 32803.23 | T5: =S5*(1+$I5) -> 32649.433 | U5: =T5*(1+$I5) -> 32496.358 | V5: =U5*(1+$I5) -> 32344 | W5: =E5*(1+J5) -> 32233.852 | X5: =W5*(1+$J5) -> 32124.08 | Y5: =X5*(1+$J5) -> 32014.681 | Z5: =Y5*(1+$J5) -> 31905.655 | AA5: =Z5*(1+$J5) -> 31797 | AB5: =F5*(1+K5) -> 31702.034 | AC5: =AB5*(1+$K5) -> 31607.353 | AD5: =AC5*(1+$K5) -> 31512.953 | AE5: =AD5*(1+$K5) -> 31418.836 | AF5: =AE5*(1+$K5) -> 31325
A6: 5 | B6: Hutan rawa sekunder | C6: 436939 | D6: 436155 | E6: 435251 | F6: 434231 | G6: 433175 | H6: =((D6/C6)^(1/5))-1 -> -0.000359118 | I6: =((E6/D6)^(1/5))-1 -> -0.00041487563 | J6: =((F6/E6)^(1/5))-1 -> -0.00046913504 | K6: =((G6/F6)^(1/5))-1 -> -0.00048685088 | L6: =C6 -> 436939 | M6: =C6*(1+H6) -> 436782.09 | N6: =M6*(1+$H6) -> 436625.23 | O6: =N6*(1+$H6) -> 436468.43 | P6: =O6*(1+$H6) -> 436311.69 | Q6: =P6*(1+$H6) -> 436155 | R6: =D6*(1+I6) -> 435974.05 | S6: =R6*(1+$I6) -> 435793.17 | T6: =S6*(1+$I6) -> 435612.37 | U6: =T6*(1+$I6) -> 435431.65 | V6: =U6*(1+$I6) -> 435251 | W6: =E6*(1+J6) -> 435046.81 | X6: =W6*(1+$J6) -> 434842.71 | Y6: =X6*(1+$J6) -> 434638.71 | Z6: =Y6*(1+$J6) -> 434434.81 | AA6: =Z6*(1+$J6) -> 434231 | AB6: =F6*(1+K6) -> 434019.59 | AC6: =AB6*(1+$K6) -> 433808.29 | AD6: =AC6*(1+$K6) -> 433597.09 | AE6: =AD6*(1+$K6) -> 433385.99 | AF6: =AE6*(1+$K6) -> 433175
A7: 6 | B7: Hutan mangrove primer | C7: 99848 | D7: 101111 | E7: 100091 | F7: 99302 | G7: 98542 | H7: =((D7/C7)^(1/5))-1 -> 0.0025171414 | I7: =((E7/D7)^(1/5))-1 -> -0.0020257756 | J7: =((F7/E7)^(1/5))-1 -> -0.0015815601 | K7: =((G7/F7)^(1/5))-1 -> -0.0015353918 | L7: =C7 -> 99848 | M7: =C7*(1+H7) -> 100099.33 | N7: =M7*(1+$H7) -> 100351.3 | O7: =N7*(1+$H7) -> 100603.89 | P7: =O7*(1+$H7) -> 100857.13 | Q7: =P7*(1+$H7) -> 101111 | R7: =D7*(1+I7) -> 100906.17 | S7: =R7*(1+$I7) -> 100701.76 | T7: =S7*(1+$I7) -> 100497.76 | U7: =T7*(1+$I7) -> 100294.17 | V7: =U7*(1+$I7) -> 100091 | W7: =E7*(1+J7) -> 99932.7 | X7: =W7*(1+$J7) -> 99774.651 | Y7: =X7*(1+$J7) -> 99616.851 | Z7: =Y7*(1+$J7) -> 99459.301 | AA7: =Z7*(1+$J7) -> 99302 | AB7: =F7*(1+K7) -> 99149.533 | AC7: =AB7*(1+$K7) -> 98997.299 | AD7: =AC7*(1+$K7) -> 98845.3 | AE7: =AD7*(1+$K7) -> 98693.533 | AF7: =AE7*(1+$K7) -> 98542
A8: 7 | B8: Hutan mangrove sekunder | C8: 109515 | D8: 98019 | E8: 93708 | F8: 90420 | G8: 88147 | H8: =((D8/C8)^(1/5))-1 -> -0.021935869 | I8: =((E8/D8)^(1/5))-1 -> -0.0089552156 | J8: =((F8/E8)^(1/5))-1 -> -0.0071181615 | K8: =((G8/F8)^(1/5))-1 -> -0.0050789794 | L8: =C8 -> 109515 | M8: =C8*(1+H8) -> 107112.69 | N8: =M8*(1+$H8) -> 104763.08 | O8: =N8*(1+$H8) -> 102465.01 | P8: =O8*(1+$H8) -> 100217.35 | Q8: =P8*(1+$H8) -> 98019 | R8: =D8*(1+I8) -> 97141.219 | S8: =R8*(1+$I8) -> 96271.298 | T8: =S8*(1+$I8) -> 95409.168 | U8: =T8*(1+$I8) -> 94554.758 | V8: =U8*(1+$I8) -> 93708 | W8: =E8*(1+J8) -> 93040.971 | X8: =W8*(1+$J8) -> 92378.691 | Y8: =X8*(1+$J8) -> 91721.124 | Z8: =Y8*(1+$J8) -> 91068.238 | AA8: =Z8*(1+$J8) -> 90420 | AB8: =F8*(1+K8) -> 89960.759 | AC8: =AB8*(1+$K8) -> 89503.85 | AD8: =AC8*(1+$K8) -> 89049.262 | AE8: =AD8*(1+$K8) -> 88596.982 | AF8: =AE8*(1+$K8) -> 88147
A9: 8 | B9: Tanaman kayu industri | C9: 417121 | D9: 442294 | E9: 444213 | F9: 440105 | G9: 429733 | H9: =((D9/C9)^(1/5))-1 -> 0.011788639 | I9: =((E9/D9)^(1/5))-1 -> 0.00086624653 | J9: =((F9/E9)^(1/5))-1 -> -0.0018564431 | K9: =((G9/F9)^(1/5))-1 -> -0.0047584922 | L9: =C9 -> 417121 | M9: =C9*(1+H9) -> 422038.29 | N9: =M9*(1+$H9) -> 427013.55 | O9: =N9*(1+$H9) -> 432047.45 | P9: =O9*(1+$H9) -> 437140.71 | Q9: =P9*(1+$H9) -> 442294 | R9: =D9*(1+I9) -> 442677.14 | S9: =R9*(1+$I9) -> 443060.6 | T9: =S9*(1+$I9) -> 443444.4 | U9: =T9*(1+$I9) -> 443828.54 | V9: =U9*(1+$I9) -> 444213 | W9: =E9*(1+J9) -> 443388.34 | X9: =W9*(1+$J9) -> 442565.22 | Y9: =X9*(1+$J9) -> 441743.62 | Z9: =Y9*(1+$J9) -> 440923.55 | AA9: =Z9*(1+$J9) -> 440105 | AB9: =F9*(1+K9) -> 438010.76 | AC9: =AB9*(1+$K9) -> 435926.49 | AD9: =AC9*(1+$K9) -> 433852.14 | AE9: =AD9*(1+$K9) -> 431787.66 | AF9: =AE9*(1+$K9) -> 429733
A10: 9 | B10: Kebun campuran | C10: 204935 | D10: 184425 | E10: 184632 | F10: 186777 | G10: 187512 | H10: =((D10/C10)^(1/5))-1 -> -0.020869157 | I10: =((E10/D10)^(1/5))-1 -> 0.00022438078 | J10: =((F10/E10)^(1/5))-1 -> 0.0023128179 | K10: =((G10/F10)^(1/5))-1 -> 0.00078579888 | L10: =C10 -> 204935 | M10: =C10*(1+H10) -> 200658.18 | N10: =M10*(1+$H10) -> 196470.61 | O10: =N10*(1+$H10) -> 192370.44 | P10: =O10*(1+$H10) -> 188355.83 | Q10: =P10*(1+$H10) -> 184425 | R10: =D10*(1+I10) -> 184466.38 | S10: =R10*(1+$I10) -> 184507.77 | T10: =S10*(1+$I10) -> 184549.17 | U10: =T10*(1+$I10) -> 184590.58 | V10: =U10*(1+$I10) -> 184632 | W10: =E10*(1+J10) -> 185059.02 | X10: =W10*(1+$J10) -> 185487.03 | Y10: =X10*(1+$J10) -> 185916.03 | Z10: =Y10*(1+$J10) -> 186346.02 | AA10: =Z10*(1+$J10) -> 186777 | AB10: =F10*(1+K10) -> 186923.77 | AC10: =AB10*(1+$K10) -> 187070.65 | AD10: =AC10*(1+$K10) -> 187217.65 | AE10: =AD10*(1+$K10) -> 187364.77 | AF10: =AE10*(1+$K10) -> 187512
A11: 10 | B11: Agroforestri kopi | C11: 532082 | D11: 580778 | E11: 603112 | F11: 619512 | G11: 631123 | H11: =((D11/C11)^(1/5))-1 -> 0.017668467 | I11: =((E11/D11)^(1/5))-1 -> 0.0075754161 | J11: =((F11/E11)^(1/5))-1 -> 0.0053802526 | K11: =((G11/F11)^(1/5))-1 -> 0.0037206447 | L11: =C11 -> 532082 | M11: =C11*(1+H11) -> 541483.07 | N11: =M11*(1+$H11) -> 551050.25 | O11: =N11*(1+$H11) -> 560786.46 | P11: =O11*(1+$H11) -> 570694.7 | Q11: =P11*(1+$H11) -> 580778 | R11: =D11*(1+I11) -> 585177.63 | S11: =R11*(1+$I11) -> 589610.6 | T11: =S11*(1+$I11) -> 594077.14 | U11: =T11*(1+$I11) -> 598577.53 | V11: =U11*(1+$I11) -> 603112 | W11: =E11*(1+J11) -> 606356.89 | X11: =W11*(1+$J11) -> 609619.25 | Y11: =X11*(1+$J11) -> 612899.15 | Z11: =Y11*(1+$J11) -> 616196.71 | AA11: =Z11*(1+$J11) -> 619512 | AB11: =F11*(1+K11) -> 621816.98 | AC11: =AB11*(1+$K11) -> 624130.54 | AD11: =AC11*(1+$K11) -> 626452.71 | AE11: =AD11*(1+$K11) -> 628783.52 | AF11: =AE11*(1+$K11) -> 631123
A12: 11 | B12: Karet agroforestri | C12: 341390 | D12: 305388 | E12: 285880 | F12: 282013 | G12: 279655 | H12: =((D12/C12)^(1/5))-1 -> -0.022041931 | I12: =((E12/D12)^(1/5))-1 -> -0.013115425 | J12: =((F12/E12)^(1/5))-1 -> -0.0027200885 | K12: =((G12/F12)^(1/5))-1 -> -0.0016778845 | L12: =C12 -> 341390 | M12: =C12*(1+H12) -> 333865.11 | N12: =M12*(1+$H12) -> 326506.07 | O12: =N12*(1+$H12) -> 319309.25 | P12: =O12*(1+$H12) -> 312271.06 | Q12: =P12*(1+$H12) -> 305388 | R12: =D12*(1+I12) -> 301382.71 | S12: =R12*(1+$I12) -> 297429.94 | T12: =S12*(1+$I12) -> 293529.02 | U12: =T12*(1+$I12) -> 289679.27 | V12: =U12*(1+$I12) -> 285880 | W12: =E12*(1+J12) -> 285102.38 | X12: =W12*(1+$J12) -> 284326.88 | Y12: =X12*(1+$J12) -> 283553.48 | Z12: =Y12*(1+$J12) -> 282782.19 | AA12: =Z12*(1+$J12) -> 282013 | AB12: =F12*(1+K12) -> 281539.81 | AC12: =AB12*(1+$K12) -> 281067.42 | AD12: =AC12*(1+$K12) -> 280595.82 | AE12: =AD12*(1+$K12) -> 280125.02 | AF12: =AE12*(1+$K12) -> 279655
A13: 12 | B13: Karet monokultur | C13: 1483502 | D13: 1473695 | E13: 1443146 | F13: 1406711 | G13: 1373116 | H13: =((D13/C13)^(1/5))-1 -> -0.0013256518 | I13: =((E13/D13)^(1/5))-1 -> -0.0041807163 | J13: =((F13/E13)^(1/5))-1 -> -0.0051011641 | K13: =((G13/F13)^(1/5))-1 -> -0.0048226825 | L13: =C13 -> 1483502 | M13: =C13*(1+H13) -> 1481535.4 | N13: =M13*(1+$H13) -> 1479571.4 | O13: =N13*(1+$H13) -> 1477610 | P13: =O13*(1+$H13) -> 1475651.2 | Q13: =P13*(1+$H13) -> 1473695 | R13: =D13*(1+I13) -> 1467533.9 | S13: =R13*(1+$I13) -> 1461398.6 | T13: =S13*(1+$I13) -> 1455288.9 | U13: =T13*(1+$I13) -> 1449204.7 | V13: =U13*(1+$I13) -> 1443146 | W13: =E13*(1+J13) -> 1435784.3 | X13: =W13*(1+$J13) -> 1428460.1 | Y13: =X13*(1+$J13) -> 1421173.3 | Z13: =Y13*(1+$J13) -> 1413923.7 | AA13: =Z13*(1+$J13) -> 1406711 | AB13: =F13*(1+K13) -> 1399926.9 | AC13: =AB13*(1+$K13) -> 1393175.5 | AD13: =AC13*(1+$K13) -> 1386456.6 | AE13: =AD13*(1+$K13) -> 1379770.2 | AF13: =AE13*(1+$K13) -> 1373116
... A28: 27 | B28: Tubuh air | C28: 165172 | D28: 165001 | E28: 165001 | F28: 165001 | G28: 165001 | H28: =((D28/C28)^(1/5))-1 -> -0.00020714268 | I28: =((E28/D28)^(1/5))-1 -> 0 | J28: =((F28/E28)^(1/5))-1 -> 0 | K28: =((G28/F28)^(1/5))-1 -> 0 | L28: =C28 -> 165172 | M28: =C28*(1+H28) -> 165137.79 | N28: =M28*(1+$H28) -> 165103.58 | O28: =N28*(1+$H28) -> 165069.38 | P28: =O28*(1+$H28) -> 165035.19 | Q28: =P28*(1+$H28) -> 165001 | R28: =D28*(1+I28) -> 165001 | S28: =R28*(1+$I28) -> 165001 | T28: =S28*(1+$I28) -> 165001 | U28: =T28*(1+$I28) -> 165001 | V28: =U28*(1+$I28) -> 165001 | W28: =E28*(1+J28) -> 165001 | X28: =W28*(1+$J28) -> 165001 | Y28: =X28*(1+$J28) -> 165001 | Z28: =Y28*(1+$J28) -> 165001 | AA28: =Z28*(1+$J28) -> 165001 | AB28: =F28*(1+K28) -> 165001 | AC28: =AB28*(1+$K28) -> 165001 | AD28: =AC28*(1+$K28) -> 165001 | AE28: =AD28*(1+$K28) -> 165001 | AF28: =AE28*(1+$K28) -> 165001
Q30: =Q2=D2 -> TRUE | V30: =V2=E2 -> TRUE | AA30: =AA2=F2 -> TRUE | AF30: =AF2=G2 -> TRUE
B32: LAS_Lahan
A33: =A1 -> ID | B33: =B1 -> Land Cover | C33: =L1 -> 2025 | D33: =M1 -> 2026 | E33: =N1 -> 2027 | F33: =O1 -> 2028 | G33: =P1 -> 2029 | H33: =Q1 -> 2030 | I33: =R1 -> 2031 | J33: =S1 -> 2032 | ... W33: =AF1 -> 2045
A34: =A2 -> 1 | B34: =B2 -> Hutan lahan kering primer | C34: =L2 -> 281147 | D34: =M2 -> 275961.41 | E34: =N2 -> 270871.46 | F34: =O2 -> 265875.39 | G34: =P2 -> 260971.47 | H34: =Q2 -> 256158 | I34: =R2 -> 253404.43 | J34: =S2 -> 250680.47 | ... W34: =AF2 -> 230802
A35: =A3 -> 2 | B35: =B3 -> Hutan sekunder kerapatan tinggi | C35: =L3 -> 268650 | D35: =M3 -> 267129.49 | E35: =N3 -> 265617.58 | F35: =O3 -> 264114.23 | G35: =P3 -> 262619.38 | H35: =Q3 -> 261133 | I35: =R3 -> 260189.81 | J35: =S3 -> 259250.03 | ... W35: =AF3 -> 242428
A36: =A4 -> 3 | B36: =B4 -> Hutan sekunder kerapatan rendah | C36: =L4 -> 182483 | D36: =M4 -> 187204.84 | E36: =N4 -> 192048.85 | F36: =O4 -> 197018.21 | G36: =P4 -> 202116.15 | H36: =Q4 -> 207346 | I36: =R4 -> 211010.93 | J36: =S4 -> 214740.64 | ... W36: =AF4 -> 250297
A37: =A5 -> 4 | B37: =B5 -> Hutan rawa primer | C37: =L5 -> 34376 | D37: =M5 -> 34119.604 | E37: =N5 -> 33865.12 | F37: =O5 -> 33612.534 | G37: =P5 -> 33361.832 | H37: =Q5 -> 33113 | I37: =R5 -> 32957.751 | J37: =S5 -> 32803.23 | ... W37: =AF5 -> 31325
A38: =A6 -> 5 | B38: =B6 -> Hutan rawa sekunder | C38: =L6 -> 436939 | D38: =M6 -> 436782.09 | E38: =N6 -> 436625.23 | F38: =O6 -> 436468.43 | G38: =P6 -> 436311.69 | H38: =Q6 -> 436155 | I38: =R6 -> 435974.05 | J38: =S6 -> 435793.17 | ... W38: =AF6 -> 433175
A39: =A7 -> 6 | B39: =B7 -> Hutan mangrove primer | C39: =L7 -> 99848 | D39: =M7 -> 100099.33 | E39: =N7 -> 100351.3 | F39: =O7 -> 100603.89 | G39: =P7 -> 100857.13 | H39: =Q7 -> 101111 | I39: =R7 -> 100906.17 | J39: =S7 -> 100701.76 | ... W39: =AF7 -> 98542
A40: =A8 -> 7 | B40: =B8 -> Hutan mangrove sekunder | C40: =L8 -> 109515 | D40: =M8 -> 107112.69 | E40: =N8 -> 104763.08 | F40: =O8 -> 102465.01 | G40: =P8 -> 100217.35 | H40: =Q8 -> 98019 | I40: =R8 -> 97141.219 | J40: =S8 -> 96271.298 | ... W40: =AF8 -> 88147
A41: =A9 -> 8 | B41: =B9 -> Tanaman kayu industri | C41: =L9 -> 417121 | D41: =M9 -> 422038.29 | E41: =N9 -> 427013.55 | F41: =O9 -> 432047.45 | G41: =P9 -> 437140.71 | H41: =Q9 -> 442294 | I41: =R9 -> 442677.14 | J41: =S9 -> 443060.6 | ... W41: =AF9 -> 429733
A42: =A10 -> 9 | B42: =B10 -> Kebun campuran | C42: =L10 -> 204935 | D42: =M10 -> 200658.18 | E42: =N10 -> 196470.61 | F42: =O10 -> 192370.44 | G42: =P10 -> 188355.83 | H42: =Q10 -> 184425 | I42: =R10 -> 184466.38 | J42: =S10 -> 184507.77 | ... W42: =AF10 -> 187512
A43: =A11 -> 10 | B43: =B11 -> Agroforestri kopi | C43: =L11 -> 532082 | D43: =M11 -> 541483.07 | E43: =N11 -> 551050.25 | F43: =O11 -> 560786.46 | G43: =P11 -> 570694.7 | H43: =Q11 -> 580778 | I43: =R11 -> 585177.63 | J43: =S11 -> 589610.6 | ... W43: =AF11 -> 631123
A44: =A12 -> 11 | B44: =B12 -> Karet agroforestri | C44: =L12 -> 341390 | D44: =M12 -> 333865.11 | E44: =N12 -> 326506.07 | F44: =O12 -> 319309.25 | G44: =P12 -> 312271.06 | H44: =Q12 -> 305388 | I44: =R12 -> 301382.71 | J44: =S12 -> 297429.94 | ... W44: =AF12 -> 279655
... A60: =A28 -> 27 | B60: =B28 -> Tubuh air | C60: =L28 -> 165172 | D60: =M28 -> 165137.79 | E60: =N28 -> 165103.58 | F60: =O28 -> 165069.38 | G60: =P28 -> 165035.19 | H60: =Q28 -> 165001 | I60: =R28 -> 165001 | J60: =S28 -> 165001 | ... W60: =AF28 -> 165001

Sheet Populasi
A1: (dalam ribu jiwa) | B1: 2020 | C1: 2021 | D1: 2022 | E1: 2023 | F1: 2024 | G1: 2025 | H1: 2026 | I1: 2027 | J1: 2028 | K1: 2029 | L1: 2030 | M1: 2031 | N1: 2032 | O1: 2033 | P1: 2034 | Q1: 2035 | R1: 2036 | S1: 2037 | T1: 2038 | U1: 2039 | V1: 2040 | W1: 2041 | X1: 2042 | Y1: 2043 | Z1: 2044 | AA1: 2045 | AB1: 2046 | AC1: 2047 | AD1: 2048 | AE1: 2049 | AF1: 2050
A2: Sumatera Selatan | B2: 8447760 | C2: 8548610 | D2: 8647260 | E2: 8743520 | F2: 8837300 | G2: 8928520 | H2: 9017140 | I2: 9103180 | J2: 9186600 | K2: 9267400 | L2: 9345650 | M2: 9421670 | N2: 9495790 | O2: 9568080 | P2: 9638580 | Q2: 9707360 | R2: 9774490 | S2: 9839900 | T2: 9903640 | U2: 9965680 | V2: 10025960 | W2: 10084270 | X2: 10140350 | Y2: 10194060 | Z2: 10245340 | AA2: 10294090 | AB2: 10340150 | AC2: 10383380 | AD2: 10423750 | AE2: 10461210 | AF2: 10495720
A4: Sumber | B4: BPS (2023). Proyeksi Penduduk Indonesia 2020–2050 Hasil Sensus Penduduk 2020. No. Katalog 2101040, No. Publikasi 04100.2304, rilis 16 Mei 2023. https://www.bps.go.id/id/publication/2023/05/16/fad83131cd3bb9be3bb2a657/proyeksi-penduduk-indonesia-2020-2050-hasil-sensus-penduduk-2020.html
A9: populasiPenduduk
A10: Year | B10: Populasi
A11: {=TRANSPOSE(G1:AA1)} -> 2025 | B11: {=TRANSPOSE(G2:AA2)} -> 8928520
A12: 2026 | B12: 9017140
A13: 2027 | B13: 9103180
A14: 2028 | B14: 9186600
A15: 2029 | B15: 9267400
A16: 2030 | B16: 9345650
A17: 2031 | B17: 9421670
A18: 2032 | B18: 9495790
A19: 2033 | B19: 9568080
A20: 2034 | B20: 9638580
A21: 2035 | B21: 9707360
A22: 2036 | B22: 9774490
A23: 2037 | B23: 9839900
... A31: 2045 | B31: 10294090

Sheet LDM
A1: KodeSektor | B1: NamaSektor | C1: Hutan lahan kering primer | D1: Hutan sekunder kerapatan tinggi | E1: Hutan sekunder kerapatan rendah | F1: Hutan rawa primer | G1: Hutan rawa sekunder | H1: Hutan mangrove primer | I1: Hutan mangrove sekunder | J1: Tanaman kayu industri | K1: Kebun campuran | L1: Agroforestri kopi | M1: Karet agroforestri | N1: Karet monokultur | O1: Kelapa sawit skala besar | P1: Kelapa sawit skala kecil | Q1: Kelapa | R1: Teh | S1: Sawah irigasi | T1: Sawah tadah hujan | U1: Tebu | V1: Tanaman semusim lain | W1: Semak belukar | X1: Rerumputan | Y1: Tambang | Z1: Lahan terbuka | AA1: Pemukiman | AB1: Tambak | AC1: Tubuh air | AE1: sum baris
A2: 1 | B2: Pertanian Tanaman Pangan | K2: 0.1 | M2: 0.01 | S2: 1 | T2: 1 | AE2: =SUM(C2:AC2) -> 2.11
A3: 2 | B3: Pertanian Tanaman Hortikultura Semusim, Hortikultura Tahunan, dan Lainnya | K3: 0.1 | M3: 0.01 | V3: 1 | AE3: =SUM(C3:AC3) -> 1.11
A4: 3 | B4: Karet | K4: 0.2 | M4: 0.9 | N4: 1 | AE4: =SUM(C4:AC4) -> 2.1
A5: 4 | B5: Kelapa Sawit | O5: 1 | P5: 1 | AE5: =SUM(C5:AC5) -> 2
A6: 5 | B6: Tanaman Perkebunan lainnya | K6: 0.3 | L6: 1 | M6: 0.08 | Q6: 1 | R6: 1 | U6: 1 | AE6: =SUM(C6:AC6) -> 4.38
A7: 6 | B7: Peternakan | X7: 0.2 | AE7: =SUM(C7:AC7) -> 0.2
A8: 7 | B8: Jasa Pertanian dan Perburuan
A9: 8 | B9: Kehutanan dan Penebangan Kayu | D9: 0.07 | E9: 0.1 | J9: 0.2 | AE9: =SUM(C9:AC9) -> 0.37
A10: 9 | B10: Perikanan | H10: 0.03 | I10: 0.07 | AB10: 1 | AE10: =SUM(C10:AC10) -> 1.1
A11: 10 | B11: Pertambangan Minyak, Gas dan Panas Bumi
A12: 11 | B12: Pertambangan Batubara dan Lignit
A13: 12 | B13: Pertambangan Bijih Logam
A14: 13 | B14: Pertambangan dan Penggalian Lainnya
A15: 14 | B15: Industri Batubara dan Pengilangan Migas
A16: 15 | B16: Industri Makanan dan Minuman
A17: 16 | B17: Industri Pengolahan Tembakau
A18: 17 | B18: Industri Tekstil dan Pakaian Jadi
A19: 18 | B19: Industri Kulit, Barang dari Kulit dan Alas Kaki
A20: 19 | B20: Industri Kayu, Barang dari Kayu dan Gabus dan Barang Anyaman dari Bambu, Rotan dan Sejenisnya
A21: 20 | B21: Industri Kertas dan Barang dari Kertas, Percetakan dan Reproduksi Media Rekaman
A22: 21 | B22: Industri Kimia, Farmasi dan Obat Tradisional
... A55: 54 | B55: Jasa Lainnya
A56: 61 | B56: Sektor lain yang tidak jelas batasannya | C56: =C60-C61 -> 1 | D56: =D60-D61 -> 0.93 | E56: =E60-E61 -> 0.9 | F56: =F60-F61 -> 1 | G56: =G60-G61 -> 1 | H56: =H60-H61 -> 0.97 | I56: =I60-I61 -> 0.93 | J56: =J60-J61 -> 0.8 | ... AC56: =AC60-AC61 -> 1
C58: =SUM(C2:C56) -> 1 | D58: =SUM(D2:D56) -> 1 | E58: =SUM(E2:E56) -> 1 | F58: =SUM(F2:F56) -> 1 | G58: =SUM(G2:G56) -> 1 | H58: =SUM(H2:H56) -> 1 | I58: =SUM(I2:I56) -> 1 | J58: =SUM(J2:J56) -> 1 | ... AC58: =SUM(AC2:AC56) -> 1
C60: 1 | D60: 1 | E60: 1 | F60: 1 | G60: 1 | H60: 1 | I60: 1 | J60: 1 | K60: 1 | L60: 1 | M60: 1 | N60: 1 | O60: 1 | P60: 1 | Q60: 1 | R60: 1 | S60: 1 | T60: 1 | U60: 1 | V60: 1 | W60: 1 | X60: 1 | Y60: 1 | Z60: 1 | AA60: 1 | AB60: 1 | AC60: 1
C61: =SUM(C2:C55) -> 0 | D61: =SUM(D2:D55) -> 0.07 | E61: =SUM(E2:E55) -> 0.1 | F61: =SUM(F2:F55) -> 0 | G61: =SUM(G2:G55) -> 0 | H61: =SUM(H2:H55) -> 0.03 | I61: =SUM(I2:I55) -> 0.07 | J61: =SUM(J2:J55) -> 0.2 | ... AC61: =SUM(AC2:AC55) -> 0

Sheet Linkage
A1: ID_Sektor | B1: Nama_Sektor | C1: NamaPendek | D1: KSM | E1: DBL | F1: DFL | G1: TBL | H1: TFL | I1: ITBL | J1: ITFL | K1: Kuadran | L1: Kategori
A2: 1 | B2: Pertanian Tanaman Pangan | C2: TP | D2: Pertanian, Kehutanan, dan Perikanan | E2: 0.1833 | F2: 0.1722 | G2: 1.2616 | H2: 1.4122 | I2: 0.8697 | J2: 0.9736 | K2: K4 (BL Rendah, FL Rendah) | L2: Sektor Lemah / Terisolasi (Weak Sector)
A3: 2 | B3: Pertanian Tanaman Hortikultura Semusim, Hortikultura Tahunan, dan Lainnya | C3: Hort | D3: Pertanian, Kehutanan, dan Perikanan | E3: 0.1841 | F3: 0.0558 | G3: 1.2763 | H3: 1.081 | I3: 0.8799 | J3: 0.7453 | K3: K4 (BL Rendah, FL Rendah) | L3: Sektor Lemah / Terisolasi (Weak Sector)
A4: 3 | B4: Karet | C4: Krt | D4: Pertanian, Kehutanan, dan Perikanan | E4: 0.3118 | F4: 0.3487 | G4: 1.488 | H4: 1.4961 | I4: 1.0258 | J4: 1.0314 | K4: K1 (BL Tinggi, FL Tinggi) | L4: Sektor Kunci (Key Sector)
A5: 4 | B5: Kelapa Sawit | C5: KS | D5: Pertanian, Kehutanan, dan Perikanan | E5: 0.2669 | F5: 0.2055 | G5: 1.4082 | H5: 1.5158 | I5: 0.9709 | J5: 1.045 | K5: K3 (BL Rendah, FL Tinggi) | L5: Sektor Pendukung Hilir (Forward-Oriented)
A6: 5 | B6: Tanaman Perkebunan lainnya | C6: TPL | D6: Pertanian, Kehutanan, dan Perikanan | E6: 0.3559 | F6: 0.1206 | G6: 1.5369 | H6: 1.2131 | I6: 1.0596 | J6: 0.8364 | K6: K2 (BL Tinggi, FL Rendah) | L6: Sektor Pendorong Hulu (Backward-Oriented)
A7: 6 | B7: Peternakan | C7: Ptr | D7: Pertanian, Kehutanan, dan Perikanan | E7: 0.2965 | F7: 0.1178 | G7: 1.4293 | H7: 1.2016 | I7: 0.9854 | J7: 0.8284 | K7: K4 (BL Rendah, FL Rendah) | L7: Sektor Lemah / Terisolasi (Weak Sector)
A8: 7 | B8: Jasa Pertanian dan Perburuan | C8: JPP | D8: Pertanian, Kehutanan, dan Perikanan | E8: 0.2645 | F8: 0.2229 | G8: 1.4656 | H8: 1.2849 | I8: 1.0104 | J8: 0.8859 | K8: K2 (BL Tinggi, FL Rendah) | L8: Sektor Pendorong Hulu (Backward-Oriented)
A9: 8 | B9: Kehutanan dan Penebangan Kayu | C9: KPK | D9: Pertanian, Kehutanan, dan Perikanan | E9: 0.0944 | F9: 0.3061 | G9: 1.1292 | H9: 1.3611 | I9: 0.7785 | J9: 0.9384 | K9: K4 (BL Rendah, FL Rendah) | L9: Sektor Lemah / Terisolasi (Weak Sector)
A10: 9 | B10: Perikanan | C10: Pkn | D10: Pertanian, Kehutanan, dan Perikanan | E10: 0.0917 | F10: 0.1368 | G10: 1.1363 | H10: 1.2339 | I10: 0.7834 | J10: 0.8507 | K10: K4 (BL Rendah, FL Rendah) | L10: Sektor Lemah / Terisolasi (Weak Sector)
A11: 10 | B11: Pertambangan Minyak, Gas dan Panas Bumi | C11: PMGP | D11: Pertambangan dan Penggalian | E11: 0.1607 | F11: 1.2445 | G11: 1.2064 | H11: 3.5673 | I11: 0.8317 | J11: 2.4594 | K11: K3 (BL Rendah, FL Tinggi) | L11: Sektor Pendukung Hilir (Forward-Oriented)
A12: 11 | B12: Pertambangan Batubara dan Lignit | C12: PBL | D12: Pertambangan dan Penggalian | E12: 0.412 | F12: 0.7026 | G12: 1.5997 | H12: 2.0129 | I12: 1.1028 | J12: 1.3877 | K12: K1 (BL Tinggi, FL Tinggi) | L12: Sektor Kunci (Key Sector)
A13: 12 | B13: Pertambangan Bijih Logam | C13: PBjL | D13: Pertambangan dan Penggalian | E13: 0 | F13: 0 | G13: 1 | H13: 1 | I13: 0.6894 | J13: 0.6894 | K13: K4 (BL Rendah, FL Rendah) | L13: Sektor Lemah / Terisolasi (Weak Sector)
... A56: 55 | B56: Sektor lain yang tidak jelas batasannya | C56: SLTJ | D56: Jasa Lainnya | E56: 0 | F56: 0 | G56: 1 | H56: 1 | I56: 0.6894 | J56: 0.6894 | K56: K4 (BL Rendah, FL Rendah) | L56: Sektor Lemah / Terisolasi (Weak Sector)

Sheet Stype1
A1: KodeSektor | B1: NamaSektor | C1: 1 | D1: 2 | E1: 3 | F1: 4 | G1: 5 | H1: 6 | I1: 7 | J1: 8 | K1: 9 | L1: 10 | M1: 11 | N1: 12 | O1: 13 | P1: 14 | Q1: 15 | R1: 16 | S1: 17 | T1: 18 | U1: 19 | V1: 20 | W1: 21 | X1: 22 | Y1: 23 | Z1: 24 | AA1: 25 | AB1: 26 | AC1: 27 | AE1: sum baris
A2: 1 | B2: Pertanian Tanaman Pangan | K2: 0.1 | M2: 0.01 | S2: 1 | T2: 1 | AE2: =SUM(C2:AC2) -> 2.11
A3: 2 | B3: Pertanian Tanaman Hortikultura Semusim, Hortikultura Tahunan, dan Lainnya | K3: 0.1 | M3: 0.01 | V3: 1 | AE3: =SUM(C3:AC3) -> 1.11
A4: 3 | B4: Karet | K4: 0.2 | M4: 0.9 | N4: 1 | AE4: =SUM(C4:AC4) -> 2.1
A5: 4 | B5: Kelapa Sawit | O5: 1 | P5: 1 | AE5: =SUM(C5:AC5) -> 2
A6: 5 | B6: Tanaman Perkebunan lainnya | C6: =0.05 -> 0.05 | D6: 0.05 | E6: 0.05 | K6: 0.3 | L6: 1 | M6: 0.08 | Q6: 1 | R6: 1 | U6: 1 | AE6: =SUM(C6:AC6) -> 4.53
A7: 6 | B7: Peternakan | X7: =0.2+0.1 -> 0.3 | AE7: =SUM(C7:AC7) -> 0.3
A8: 7 | B8: Jasa Pertanian dan Perburuan
A9: 8 | B9: Kehutanan dan Penebangan Kayu | C9: 0.05 | D9: =0.07+0.03 -> 0.1 | E9: =0.1+0.03 -> 0.13 | J9: =0.2+0.2 -> 0.4 | AE9: =SUM(C9:AC9) -> 0.68
A10: 9 | B10: Perikanan | H10: =0.03+0.02 -> 0.05 | I10: =0.07+0.02 -> 0.09 | AB10: 1 | AE10: =SUM(C10:AC10) -> 1.14
A11: 10 | B11: Pertambangan Minyak, Gas dan Panas Bumi
A12: 11 | B12: Pertambangan Batubara dan Lignit
A13: 12 | B13: Pertambangan Bijih Logam
A14: 13 | B14: Pertambangan dan Penggalian Lainnya
A15: 14 | B15: Industri Batubara dan Pengilangan Migas
A16: 15 | B16: Industri Makanan dan Minuman
A17: 16 | B17: Industri Pengolahan Tembakau
A18: 17 | B18: Industri Tekstil dan Pakaian Jadi
A19: 18 | B19: Industri Kulit, Barang dari Kulit dan Alas Kaki
A20: 19 | B20: Industri Kayu, Barang dari Kayu dan Gabus dan Barang Anyaman dari Bambu, Rotan dan Sejenisnya
A21: 20 | B21: Industri Kertas dan Barang dari Kertas, Percetakan dan Reproduksi Media Rekaman
A22: 21 | B22: Industri Kimia, Farmasi dan Obat Tradisional
... A55: 54 | B55: Jasa Lainnya
A56: 61 | B56: Sektor lain yang tidak jelas batasannya | C56: =C60-C61 -> 0.9 | D56: =D60-D61 -> 0.85 | E56: =E60-E61 -> 0.82 | F56: =F60-F61 -> 1 | G56: =G60-G61 -> 1 | H56: =H60-H61 -> 0.95 | I56: =I60-I61 -> 0.91 | J56: =J60-J61 -> 0.6 | ... AC56: =AC60-AC61 -> 1
C58: =SUM(C2:C56) -> 1 | D58: =SUM(D2:D56) -> 1 | E58: =SUM(E2:E56) -> 1 | F58: =SUM(F2:F56) -> 1 | G58: =SUM(G2:G56) -> 1 | H58: =SUM(H2:H56) -> 1 | I58: =SUM(I2:I56) -> 1 | J58: =SUM(J2:J56) -> 1 | ... AC58: =SUM(AC2:AC56) -> 1
C60: 1 | D60: 1 | E60: 1 | F60: 1 | G60: 1 | H60: 1 | I60: 1 | J60: 1 | K60: 1 | L60: 1 | M60: 1 | N60: 1 | O60: 1 | P60: 1 | Q60: 1 | R60: 1 | S60: 1 | T60: 1 | U60: 1 | V60: 1 | W60: 1 | X60: 1 | Y60: 1 | Z60: 1 | AA60: 1 | AB60: 1 | AC60: 1
C61: =SUM(C2:C55) -> 0.1 | D61: =SUM(D2:D55) -> 0.15 | E61: =SUM(E2:E55) -> 0.18 | F61: =SUM(F2:F55) -> 0 | G61: =SUM(G2:G55) -> 0 | H61: =SUM(H2:H55) -> 0.05 | I61: =SUM(I2:I55) -> 0.09 | J61: =SUM(J2:J55) -> 0.4 | ... AC61: =SUM(AC2:AC55) -> 0

Sheet Stype2
A1: KodeSektor | B1: NamaSektor | C1: 2025 | D1: 2026 | E1: 2027 | F1: 2028 | G1: 2029 | H1: 2030 | I1: 2031 | J1: 2032 | K1: 2033 | L1: 2034 | M1: 2035 | N1: 2036 | O1: 2037 | P1: 2038 | Q1: 2039 | R1: 2040 | S1: 2041 | T1: 2042 | U1: 2043 | V1: 2044 | W1: 2045
A2: 1 | B2: Pertanian Tanaman Pangan | C2: 0 | D2: 0 | E2: 0 | F2: 0 | G2: 0 | H2: 0.01 | I2: 0.016 | J2: 0.022 | K2: 0.028 | L2: 0.034 | M2: 0.04 | N2: 0.046 | O2: 0.052 | P2: 0.058 | Q2: 0.064 | R2: 0.07 | S2: 0.076 | T2: 0.082 | U2: 0.088 | V2: 0.094 | W2: 0.1
A3: 2 | B3: Pertanian Tanaman Hortikultura Semusim, Hortikultura Tahunan, dan Lainnya | C3: 0 | D3: 0 | E3: 0 | F3: 0 | G3: 0 | H3: 0.01 | I3: 0.016 | J3: 0.022 | K3: 0.028 | L3: 0.034 | M3: 0.04 | N3: 0.046 | O3: 0.052 | P3: 0.058 | Q3: 0.064 | R3: 0.07 | S3: 0.076 | T3: 0.082 | U3: 0.088 | V3: 0.094 | W3: 0.1
A4: 3 | B4: Karet | C4: 0 | D4: 0 | E4: 0 | F4: 0 | G4: 0 | H4: 0.01 | I4: 0.016 | J4: 0.022 | K4: 0.028 | L4: 0.034 | M4: 0.04 | N4: 0.046 | O4: 0.052 | P4: 0.058 | Q4: 0.064 | R4: 0.07 | S4: 0.076 | T4: 0.082 | U4: 0.088 | V4: 0.094 | W4: 0.1
A5: 4 | B5: Kelapa Sawit | C5: 0 | D5: 0 | E5: 0 | F5: 0 | G5: 0 | H5: 0.01 | I5: 0.016 | J5: 0.022 | K5: 0.028 | L5: 0.034 | M5: 0.04 | N5: 0.046 | O5: 0.052 | P5: 0.058 | Q5: 0.064 | R5: 0.07 | S5: 0.076 | T5: 0.082 | U5: 0.088 | V5: 0.094 | W5: 0.1
A6: 5 | B6: Tanaman Perkebunan lainnya | C6: 0 | D6: 0 | E6: 0 | F6: 0 | G6: 0 | H6: 0.01 | I6: 0.016 | J6: 0.022 | K6: 0.028 | L6: 0.034 | M6: 0.04 | N6: 0.046 | O6: 0.052 | P6: 0.058 | Q6: 0.064 | R6: 0.07 | S6: 0.076 | T6: 0.082 | U6: 0.088 | V6: 0.094 | W6: 0.1
A7: 6 | B7: Peternakan | C7: 0 | D7: 0 | E7: 0 | F7: 0 | G7: 0 | H7: 0.01 | I7: 0.016 | J7: 0.022 | K7: 0.028 | L7: 0.034 | M7: 0.04 | N7: 0.046 | O7: 0.052 | P7: 0.058 | Q7: 0.064 | R7: 0.07 | S7: 0.076 | T7: 0.082 | U7: 0.088 | V7: 0.094 | W7: 0.1
A8: 7 | B8: Jasa Pertanian dan Perburuan | C8: 0 | D8: 0 | E8: 0 | F8: 0 | G8: 0 | H8: 0 | I8: 0 | J8: 0 | K8: 0 | L8: 0 | M8: 0 | N8: 0 | O8: 0 | P8: 0 | Q8: 0 | R8: 0 | S8: 0 | T8: 0 | U8: 0 | V8: 0 | W8: 0
A9: 8 | B9: Kehutanan dan Penebangan Kayu | C9: 0 | D9: 0 | E9: 0 | F9: 0 | G9: 0 | H9: 0.01 | I9: 0.016 | J9: 0.022 | K9: 0.028 | L9: 0.034 | M9: 0.04 | N9: 0.046 | O9: 0.052 | P9: 0.058 | Q9: 0.064 | R9: 0.07 | S9: 0.076 | T9: 0.082 | U9: 0.088 | V9: 0.094 | W9: 0.1
A10: 9 | B10: Perikanan | C10: 0 | D10: 0 | E10: 0 | F10: 0 | G10: 0 | H10: 0.01 | I10: 0.016 | J10: 0.022 | K10: 0.028 | L10: 0.034 | M10: 0.04 | N10: 0.046 | O10: 0.052 | P10: 0.058 | Q10: 0.064 | R10: 0.07 | S10: 0.076 | T10: 0.082 | U10: 0.088 | V10: 0.094 | W10: 0.1
A11: 10 | B11: Pertambangan Minyak, Gas dan Panas Bumi | C11: 0 | D11: 0 | E11: 0 | F11: 0 | G11: 0 | H11: 0 | I11: 0 | J11: 0 | K11: 0 | L11: 0 | M11: 0 | N11: 0 | O11: 0 | P11: 0 | Q11: 0 | R11: 0 | S11: 0 | T11: 0 | U11: 0 | V11: 0 | W11: 0
A12: 11 | B12: Pertambangan Batubara dan Lignit | C12: 0 | D12: 0 | E12: 0 | F12: 0 | G12: 0 | H12: 0 | I12: 0 | J12: 0 | K12: 0 | L12: 0 | M12: 0 | N12: 0 | O12: 0 | P12: 0 | Q12: 0 | R12: 0 | S12: 0 | T12: 0 | U12: 0 | V12: 0 | W12: 0
A13: 12 | B13: Pertambangan Bijih Logam | C13: 0 | D13: 0 | E13: 0 | F13: 0 | G13: 0 | H13: 0 | I13: 0 | J13: 0 | K13: 0 | L13: 0 | M13: 0 | N13: 0 | O13: 0 | P13: 0 | Q13: 0 | R13: 0 | S13: 0 | T13: 0 | U13: 0 | V13: 0 | W13: 0
... A56: 61 | B56: Sektor lain yang tidak jelas batasannya | C56: 0 | D56: 0 | E56: 0 | F56: 0 | G56: 0 | H56: 0 | I56: 0 | J56: 0 | K56: 0 | L56: 0 | M56: 0 | N56: 0 | O56: 0 | P56: 0 | Q56: 0 | R56: 0 | S56: 0 | T56: 0 | U56: 0 | V56: 0 | W56: 0

Sheet populasiPenduduk
A1: =Populasi!A10 -> Year | B1: =Populasi!B10 -> Populasi
A2: =Populasi!A11 -> 2025 | B2: =Populasi!B11 -> 8928520
A3: =Populasi!A12 -> 2026 | B3: =Populasi!B12 -> 9017140
A4: =Populasi!A13 -> 2027 | B4: =Populasi!B13 -> 9103180
A5: =Populasi!A14 -> 2028 | B5: =Populasi!B14 -> 9186600
A6: =Populasi!A15 -> 2029 | B6: =Populasi!B15 -> 9267400
A7: =Populasi!A16 -> 2030 | B7: =Populasi!B16 -> 9345650
A8: =Populasi!A17 -> 2031 | B8: =Populasi!B17 -> 9421670
A9: =Populasi!A18 -> 2032 | B9: =Populasi!B18 -> 9495790
A10: =Populasi!A19 -> 2033 | B10: =Populasi!B19 -> 9568080
A11: =Populasi!A20 -> 2034 | B11: =Populasi!B20 -> 9638580
A12: =Populasi!A21 -> 2035 | B12: =Populasi!B21 -> 9707360
... A22: =Populasi!A31 -> 2045 | B22: =Populasi!B31 -> 10294090

Sheet Stype3
A1: FROM | B1: TO | C1: 1 | D1: 2 | E1: 3 | F1: 4 | G1: 5 | H1: 6 | I1: 7 | J1: 8 | K1: 9 | L1: 10 | M1: 11 | N1: 12 | O1: 13 | P1: 14 | Q1: 15 | R1: 16 | S1: 17 | T1: 18 | U1: 19 | V1: 20 | W1: 21
A2: 9 | B2: 15 | C2: 0 | D2: 0 | E2: 0.1 | F2: 0.14444444 | G2: 0.18888889 | H2: 0.23333333 | I2: 0.27777778 | J2: 0.32222222 | K2: 0.36666667 | L2: 0.41111111 | M2: 0.45555556 | N2: 0.5 | O2: 0.54444444 | P2: 0.58888889 | Q2: 0.63333333 | R2: 0.67777778 | S2: 0.72222222 | T2: 0.76666667 | U2: 0.81111111 | V2: 0.85555556 | W2: 0.9
A3: 8 | B3: 20 | C3: 0 | D3: 0 | E3: 0.1 | F3: 0.14444444 | G3: 0.18888889 | H3: 0.23333333 | I3: 0.27777778 | J3: 0.32222222 | K3: 0.36666667 | L3: 0.41111111 | M3: 0.45555556 | N3: 0.5 | O3: 0.54444444 | P3: 0.58888889 | Q3: 0.63333333 | R3: 0.67777778 | S3: 0.72222222 | T3: 0.76666667 | U3: 0.81111111 | V3: 0.85555556 | W3: 0.9
A4: 8 | B4: 19 | C4: 0 | D4: 0 | E4: 0.1 | F4: 0.14444444 | G4: 0.18888889 | H4: 0.23333333 | I4: 0.27777778 | J4: 0.32222222 | K4: 0.36666667 | L4: 0.41111111 | M4: 0.45555556 | N4: 0.5 | O4: 0.54444444 | P4: 0.58888889 | Q4: 0.63333333 | R4: 0.67777778 | S4: 0.72222222 | T4: 0.76666667 | U4: 0.81111111 | V4: 0.85555556 | W4: 0.9

Sheet Technical_Coeffs_A_2025
A1: Sector | B1: 1 | C1: 2 | D1: 3 | E1: 4 | F1: 5 | G1: 6 | H1: 7 | I1: 8 | J1: 9 | K1: 10 | L1: 11 | M1: 12 | N1: 13 | O1: 14 | P1: 15 | Q1: 16 | R1: 17 | S1: 18 | T1: 19 | U1: 20 | V1: 21 | W1: 22 | X1: 23 | Y1: 24 | Z1: 25 | AA1: 26 | AB1: 27 | AC1: 28 | AD1: 29 | AE1: 30 | AF1: 31 | AG1: 32 | AH1: 33 | AI1: 34 | AJ1: 35 | AK1: 36 | AL1: 37 | AM1: 38 | AN1: 39 | AO1: 40 | AP1: 41 | AQ1: 42 | AR1: 43 | AS1: 44 | AT1: 45 | AU1: 46 | AV1: 47 | AW1: 48 | AX1: 49 | AY1: 50 | AZ1: 51 | BA1: 52 | BB1: 53 | BC1: 54
A2: 1 | B2: 0.057388 | C2: 0 | D2: 0 | E2: 0 | F2: 0 | G2: 5.3e-05 | H2: 0 | I2: 0 | J2: 0.001199 | K2: 0 | L2: 0 | M2: 0 | N2: 0 | O2: 0 | P2: 0.09403 | Q2: 0 | R2: 0 | S2: 0 | T2: 0 | U2: 0 | V2: 0.000226 | W2: 0 | X2: 0.000552 | Y2: 0 | Z2: 0 | AA2: 0 | AB2: 0 | AC2: 0 | AD2: 0 | AE2: 0 | AF2: 0 | AG2: 0 | AH2: 0 | AI2: 0 | AJ2: 0 | AK2: 0 | AL2: 0 | AM2: 0 | AN2: 0 | AO2: 0 | AP2: 0 | AQ2: 0.002512 | AR2: 0.007336 | AS2: 0 | AT2: 0 | AU2: 0 | AV2: 0 | AW2: 0 | AX2: 0 | AY2: 0 | AZ2: 0.002626 | BA2: 0.000276 | BB2: 0.000948 | BC2: 0.005022
A3: 2 | B3: 0 | C3: 0.010794 | D3: 0 | E3: 0 | F3: 1.6e-05 | G3: 0 | H3: 0 | I3: 0 | J3: 0 | K3: 0 | L3: 0 | M3: 0 | N3: 0 | O3: 0 | P3: 0.007071 | Q3: 0 | R3: 0 | S3: 0 | T3: 0 | U3: 0 | V3: 0.000459 | W3: 0 | X3: 0 | Y3: 0 | Z3: 0 | AA3: 0 | AB3: 0 | AC3: 4.7e-05 | AD3: 0 | AE3: 5e-06 | AF3: 0 | AG3: 0 | AH3: 0.000183 | AI3: 0 | AJ3: 0 | AK3: 0.001013 | AL3: 0 | AM3: 0.000649 | AN3: 0 | AO3: 0.001596 | AP3: 0 | AQ3: 0.008119 | AR3: 0.017874 | AS3: 0 | AT3: 2.4e-05 | AU3: 0 | AV3: 0 | AW3: 0 | AX3: 0 | AY3: 0 | AZ3: 8e-05 | BA3: 0.000118 | BB3: 0.007114 | BC3: 0.000595
A4: 3 | B4: 0 | C4: 0 | D4: 0.089109 | E4: 0 | F4: 0 | G4: 0 | H4: 0 | I4: 0 | J4: 0 | K4: 0 | L4: 0 | M4: 0 | N4: 0 | O4: 0 | P4: 0 | Q4: 0 | R4: 0 | S4: 0 | T4: 0 | U4: 0 | V4: 0 | W4: 0.259497 | X4: 0 | Y4: 0 | Z4: 0 | AA4: 0 | AB4: 0 | AC4: 0 | AD4: 0 | AE4: 0 | AF4: 0 | AG4: 0 | AH4: 0 | AI4: 0 | AJ4: 5.6e-05 | AK4: 0 | AL4: 0 | AM4: 0 | AN4: 0 | AO4: 0 | AP4: 0 | AQ4: 0 | AR4: 0 | AS4: 0 | AT4: 0 | AU4: 0 | AV4: 0 | AW4: 0 | AX4: 0 | AY4: 0 | AZ4: 0 | BA4: 0 | BB4: 0 | BC4: 0
A5: 4 | B5: 0 | C5: 0 | D5: 0 | E5: 0.087093 | F5: 0 | G5: 0 | H5: 0 | I5: 0 | J5: 0 | K5: 0 | L5: 0 | M5: 0 | N5: 0 | O5: 0 | P5: 0.118286 | Q5: 0 | R5: 0 | S5: 0 | T5: 0 | U5: 0 | V5: 0 | W5: 0 | X5: 0 | Y5: 0 | Z5: 0 | AA5: 0 | AB5: 0 | AC5: 0 | AD5: 0 | AE5: 0 | AF5: 0 | AG5: 0 | AH5: 0 | AI5: 0 | AJ5: 0.000122 | AK5: 0 | AL5: 0 | AM5: 0 | AN5: 0 | AO5: 0 | AP5: 0 | AQ5: 0 | AR5: 0 | AS5: 0 | AT5: 0 | AU5: 0 | AV5: 0 | AW5: 0 | AX5: 0 | AY5: 0 | AZ5: 0 | BA5: 0 | BB5: 0 | BC5: 0
A6: 5 | B6: 0 | C6: 0 | D6: 0 | E6: 0 | F6: 0.064655 | G6: 0 | H6: 0 | I6: 0 | J6: 0 | K6: 0 | L6: 0 | M6: 0 | N6: 0 | O6: 0 | P6: 0.001416 | Q6: 0 | R6: 0 | S6: 0.007015 | T6: 1.5e-05 | U6: 0 | V6: 0.033286 | W6: 7.5e-05 | X6: 4e-06 | Y6: 0 | Z6: 0 | AA6: 7e-05 | AB6: 0 | AC6: 0.004718 | AD6: 0.002777 | AE6: 0 | AF6: 0 | AG6: 0 | AH6: 2e-06 | AI6: 0 | AJ6: 0 | AK6: 0 | AL6: 0 | AM6: 0 | AN6: 0 | AO6: 0 | AP6: 0 | AQ6: 3.4e-05 | AR6: 0.005441 | AS6: 0 | AT6: 0 | AU6: 0 | AV6: 0 | AW6: 0 | AX6: 0 | AY6: 0 | AZ6: 1e-06 | BA6: 6e-06 | BB6: 0.000966 | BC6: 0.000142
A7: 6 | B7: 0.001537 | C7: 0.00884 | D7: 0 | E7: 4.6e-05 | F7: 6.8e-05 | G7: 0.010274 | H7: 0.003326 | I7: 8.6e-05 | J7: 9e-06 | K7: 0 | L7: 0 | M7: 0 | N7: 0 | O7: 0 | P7: 0.029972 | Q7: 0 | R7: 0.006371 | S7: 0.007239 | T7: 0 | U7: 0 | V7: 1.9e-05 | W7: 0 | X7: 0 | Y7: 0 | Z7: 0 | AA7: 0 | AB7: 0 | AC7: 0 | AD7: 0 | AE7: 0 | AF7: 0 | AG7: 0 | AH7: 0 | AI7: 0 | AJ7: 0 | AK7: 0 | AL7: 0 | AM7: 0 | AN7: 0 | AO7: 0 | AP7: 0 | AQ7: 0.015113 | AR7: 0.022537 | AS7: 0 | AT7: 0 | AU7: 0 | AV7: 0 | AW7: 0 | AX7: 0 | AY7: 0 | AZ7: 0.001767 | BA7: 0.000672 | BB7: 0.005102 | BC7: 0.004791
A8: 7 | B8: 0.010611 | C8: 0.007369 | D8: 0 | E8: 0.043981 | F8: 0.160683 | G8: 0 | H8: 0 | I8: 0 | J8: 0 | K8: 0 | L8: 0 | M8: 0 | N8: 0 | O8: 0 | P8: 0 | Q8: 0 | R8: 0 | S8: 0 | T8: 0 | U8: 0 | V8: 0 | W8: 0 | X8: 0 | Y8: 0 | Z8: 0 | AA8: 0 | AB8: 0 | AC8: 0 | AD8: 0 | AE8: 0 | AF8: 0 | AG8: 0 | AH8: 0 | AI8: 0 | AJ8: 0 | AK8: 0 | AL8: 0 | AM8: 0 | AN8: 0 | AO8: 0 | AP8: 0 | AQ8: 0 | AR8: 0 | AS8: 0 | AT8: 0 | AU8: 0 | AV8: 0 | AW8: 0 | AX8: 0 | AY8: 0 | AZ8: 0.000267 | BA8: 0 | BB8: 0 | BC8: 0
A9: 8 | B9: 0 | C9: 8.9e-05 | D9: 0 | E9: 0.000807 | F9: 0.000322 | G9: 0.000494 | H9: 1e-06 | I9: 0.012549 | J9: 3.8e-05 | K9: 0 | L9: 0.000314 | M9: 0 | N9: 0.000124 | O9: 4.5e-05 | P9: 0.000459 | Q9: 0 | R9: 0.004105 | S9: 0.00094 | T9: 0.223202 | U9: 0.028952 | V9: 0.001558 | W9: 0.000287 | X9: 3.6e-05 | Y9: 2e-06 | Z9: 3.9e-05 | AA9: 0 | AB9: 0.000212 | AC9: 0.008147 | AD9: 0.004012 | AE9: 0 | AF9: 0 | AG9: 0 | AH9: 0.018634 | AI9: 0.000212 | AJ9: 1.2e-05 | AK9: 0 | AL9: 0 | AM9: 0 | AN9: 0 | AO9: 0 | AP9: 0 | AQ9: 0.0002 | AR9: 0.000174 | AS9: 0 | AT9: 0 | AU9: 0 | AV9: 0 | AW9: 0 | AX9: 0 | AY9: 0 | AZ9: 3e-06 | BA9: 0 | BB9: 0 | BC9: 0.000115
A10: 9 | B10: 0 | C10: 0 | D10: 0 | E10: 0 | F10: 0 | G10: 0 | H10: 0 | I10: 0 | J10: 0.015254 | K10: 0 | L10: 0 | M10: 0 | N10: 0 | O10: 0 | P10: 0.032868 | Q10: 0 | R10: 0 | S10: 0 | T10: 0 | U10: 0 | V10: 0.000107 | W10: 0 | X10: 0 | Y10: 0 | Z10: 0 | AA10: 0 | AB10: 0 | AC10: 2.8e-05 | AD10: 0.002873 | AE10: 0 | AF10: 0 | AG10: 0 | AH10: 0 | AI10: 0 | AJ10: 0 | AK10: 0 | AL10: 0 | AM10: 0 | AN10: 0 | AO10: 0 | AP10: 0 | AQ10: 0.015519 | AR10: 0.051955 | AS10: 0 | AT10: 0 | AU10: 0 | AV10: 0 | AW10: 0 | AX10: 0 | AY10: 0 | AZ10: 0.00028 | BA10: 0.001757 | BB10: 0.003481 | BC10: 0.01267
A11: 10 | B11: 6.6e-05 | C11: 9.6e-05 | D11: 0 | E11: 0 | F11: 1.5e-05 | G11: 0.000569 | H11: 1.3e-05 | I11: 0.000162 | J11: 5.1e-05 | K11: 0.105033 | L11: 0.002015 | M11: 0 | N11: 0.000193 | O11: 0.208312 | P11: 2.7e-05 | Q11: 0 | R11: 0.000134 | S11: 0.000185 | T11: 9.3e-05 | U11: 0.000153 | V11: 0.158773 | W11: 0.03039 | X11: 0.017289 | Y11: 0.077461 | Z11: 0.010254 | AA11: 3.6e-05 | AB11: 0.000263 | AC11: 0.000209 | AD11: 0.000145 | AE11: 0.43749 | AF11: 0.185386 | AG11: 0.000148 | AH11: 0.000515 | AI11: 0.000363 | AJ11: 0.000416 | AK11: 0.000289 | AL11: 0.000416 | AM11: 0.000759 | AN11: 0.000469 | AO11: 0.000861 | AP11: 0.000478 | AQ11: 0.000122 | AR11: 3.5e-05 | AS11: 0.000544 | AT11: 0.000797 | AU11: 0.000675 | AV11: 0.000446 | AW11: 0.00037 | AX11: 0.000208 | AY11: 0.000579 | AZ11: 0.000624 | BA11: 0.000376 | BB11: 7e-05 | BC11: 0.00012
A12: 11 | B12: 8.6e-05 | C12: 0.000127 | D12: 0 | E12: 0 | F12: 1.7e-05 | G12: 0.000738 | H12: 1.9e-05 | I12: 0.000214 | J12: 7e-05 | K12: 0.000364 | L12: 0.135562 | M12: 0 | N12: 0.000147 | O12: 0.008052 | P12: 3.6e-05 | Q12: 0 | R12: 0.000298 | S12: 0.000297 | T12: 0.00015 | U12: 0.000307 | V12: 0.0012 | W12: 9.8e-05 | X12: 0.249999 | Y12: 0.02603 | Z12: 0.025297 | AA12: 6.6e-05 | AB12: 0.000357 | AC12: 0.00028 | AD12: 0.000193 | AE12: 0.188765 | AF12: 0.050681 | AG12: 0.000382 | AH12: 0.000345 | AI12: 0.000506 | AJ12: 0.00057 | AK12: 0.000663 | AL12: 0.000539 | AM12: 0.000985 | AN12: 0.000647 | AO12: 0.001112 | AP12: 0.000661 | AQ12: 0.000184 | AR12: 5.3e-05 | AS12: 0.000728 | AT12: 0.001036 | AU12: 0.000885 | AV12: 0.000591 | AW12: 0.000491 | AX12: 0.000274 | AY12: 0.00077 | AZ12: 0.000865 | BA12: 0.000516 | BB12: 0.000133 | BC12: 0.000211
A13: 12 | B13: 0 | C13: 0 | D13: 0 | E13: 0 | F13: 0 | G13: 0 | H13: 0 | I13: 0 | J13: 0 | K13: 0 | L13: 0 | M13: 0 | N13: 0 | O13: 0 | P13: 0 | Q13: 0 | R13: 0 | S13: 0 | T13: 0 | U13: 0 | V13: 0 | W13: 0 | X13: 0 | Y13: 0 | Z13: 0 | AA13: 0 | AB13: 0 | AC13: 0 | AD13: 0 | AE13: 0 | AF13: 0 | AG13: 0 | AH13: 0 | AI13: 0 | AJ13: 0 | AK13: 0 | AL13: 0 | AM13: 0 | AN13: 0 | AO13: 0 | AP13: 0 | AQ13: 0 | AR13: 0 | AS13: 0 | AT13: 0 | AU13: 0 | AV13: 0 | AW13: 0 | AX13: 0 | AY13: 0 | AZ13: 0 | BA13: 0 | BB13: 0 | BC13: 0
... A55: 54 | B55: 0.002152 | C55: 0.005118 | D55: 0.000246 | E55: 0.000282 | F55: 0.00049 | G55: 0.055871 | H55: 0.000327 | I55: 0.000581 | J55: 0.000215 | K55: 0.000339 | L55: 0.000475 | M55: 0 | N55: 0.000137 | O55: 0.000158 | P55: 0.002889 | Q55: 4e-05 | R55: 0.001953 | S55: 0.000964 | T55: 0.000363 | U55: 0.001732 | V55: 0.002946 | W55: 0.002229 | X55: 0.001242 | Y55: 0.01568 | Z55: 0.000526 | AA55: 0.000217 | AB55: 0.00116 | AC55: 0.000784 | AD55: 0.00079 | AE55: 0.000111 | AF55: 4.9e-05 | AG55: 0.042757 | AH55: 0.001119 | AI55: 0.003908 | AJ55: 0.002041 | AK55: 0.000765 | AL55: 0.001383 | AM55: 0.005455 | AN55: 0.001998 | AO55: 0.002839 | AP55: 0.002324 | AQ55: 0.004635 | AR55: 0.005327 | AS55: 0.000903 | AT55: 0.000406 | AU55: 0.000349 | AV55: 0.00036 | AW55: 0.000764 | AX55: 0.000346 | AY55: 0.003544 | AZ55: 0.004343 | BA55: 0.00447 | BB55: 0.00754 | BC55: 0.027235

Sheet Technical_Coeffs_A_2020
A1: Sector | B1: 1 | C1: 2 | D1: 3 | E1: 4 | F1: 5 | G1: 6 | H1: 7 | I1: 8 | J1: 9 | K1: 10 | L1: 11 | M1: 12 | N1: 13 | O1: 14 | P1: 15 | Q1: 16 | R1: 17 | S1: 18 | T1: 19 | U1: 20 | V1: 21 | W1: 22 | X1: 23 | Y1: 24 | Z1: 25 | AA1: 26 | AB1: 27 | AC1: 28 | AD1: 29 | AE1: 30 | AF1: 31 | AG1: 32 | AH1: 33 | AI1: 34 | AJ1: 35 | AK1: 36 | AL1: 37 | AM1: 38 | AN1: 39 | AO1: 40 | AP1: 41 | AQ1: 42 | AR1: 43 | AS1: 44 | AT1: 45 | AU1: 46 | AV1: 47 | AW1: 48 | AX1: 49 | AY1: 50 | AZ1: 51 | BA1: 52 | BB1: 53 | BC1: 54
A2: 1 | B2: 0.05949 | C2: 0 | D2: 0 | E2: 0 | F2: 0 | G2: 5.4e-05 | H2: 0 | I2: 0 | J2: 0.001239 | K2: 0 | L2: 0 | M2: 0 | N2: 0 | O2: 0 | P2: 0.0989 | Q2: 0 | R2: 0 | S2: 0 | T2: 0 | U2: 0 | V2: 0.000234 | W2: 0 | X2: 0.000584 | Y2: 0 | Z2: 0 | AA2: 0 | AB2: 0 | AC2: 0 | AD2: 0 | AE2: 0 | AF2: 0 | AG2: 0 | AH2: 0 | AI2: 0 | AJ2: 0 | AK2: 0 | AL2: 0 | AM2: 0 | AN2: 0 | AO2: 0 | AP2: 0 | AQ2: 0.002695 | AR2: 0.007834 | AS2: 0 | AT2: 0 | AU2: 0 | AV2: 0 | AW2: 0 | AX2: 0 | AY2: 0 | AZ2: 0.002838 | BA2: 0.000298 | BB2: 0.001024 | BC2: 0.005297
A3: 2 | B3: 0 | C3: 0.011165 | D3: 0 | E3: 0 | F3: 1.4e-05 | G3: 0 | H3: 0 | I3: 0 | J3: 0 | K3: 0 | L3: 0 | M3: 0 | N3: 0 | O3: 0 | P3: 0.007209 | Q3: 0 | R3: 0 | S3: 0 | T3: 0 | U3: 0 | V3: 0.000462 | W3: 0 | X3: 0 | Y3: 0 | Z3: 0 | AA3: 0 | AB3: 0 | AC3: 4.9e-05 | AD3: 0 | AE3: 4e-06 | AF3: 0 | AG3: 0 | AH3: 0.000185 | AI3: 0 | AJ3: 0 | AK3: 0.001022 | AL3: 0 | AM3: 0.000631 | AN3: 0 | AO3: 0.001553 | AP3: 0 | AQ3: 0.008443 | AR3: 0.018501 | AS3: 0 | AT3: 2.5e-05 | AU3: 0 | AV3: 0 | AW3: 0 | AX3: 0 | AY3: 0 | AZ3: 8.4e-05 | BA3: 0.000123 | BB3: 0.007446 | BC3: 0.000608
A4: 3 | B4: 0 | C4: 0 | D4: 0.07627 | E4: 0 | F4: 0 | G4: 0 | H4: 0 | I4: 0 | J4: 0 | K4: 0 | L4: 0 | M4: 0 | N4: 0 | O4: 0 | P4: 0 | Q4: 0 | R4: 0 | S4: 0 | T4: 0 | U4: 0 | V4: 0 | W4: 0.228948 | X4: 0 | Y4: 0 | Z4: 0 | AA4: 0 | AB4: 0 | AC4: 0 | AD4: 0 | AE4: 0 | AF4: 0 | AG4: 0 | AH4: 0 | AI4: 0 | AJ4: 4.2e-05 | AK4: 0 | AL4: 0 | AM4: 0 | AN4: 0 | AO4: 0 | AP4: 0 | AQ4: 0 | AR4: 0 | AS4: 0 | AT4: 0 | AU4: 0 | AV4: 0 | AW4: 0 | AX4: 0 | AY4: 0 | AZ4: 0 | BA4: 0 | BB4: 0 | BC4: 0
A5: 4 | B5: 0 | C5: 0 | D5: 0 | E5: 0.084192 | F5: 0 | G5: 0 | H5: 0 | I5: 0 | J5: 0 | K5: 0 | L5: 0 | M5: 0 | N5: 0 | O5: 0 | P5: 0.11957 | Q5: 0 | R5: 0 | S5: 0 | T5: 0 | U5: 0 | V5: 0 | W5: 0 | X5: 0 | Y5: 0 | Z5: 0 | AA5: 0 | AB5: 0 | AC5: 0 | AD5: 0 | AE5: 0 | AF5: 0 | AG5: 0 | AH5: 0 | AI5: 0 | AJ5: 0.000122 | AK5: 0 | AL5: 0 | AM5: 0 | AN5: 0 | AO5: 0 | AP5: 0 | AQ5: 0 | AR5: 0 | AS5: 0 | AT5: 0 | AU5: 0 | AV5: 0 | AW5: 0 | AX5: 0 | AY5: 0 | AZ5: 0 | BA5: 0 | BB5: 0 | BC5: 0
A6: 5 | B6: 0 | C6: 0 | D6: 0 | E6: 0 | F6: 0.055931 | G6: 0 | H6: 0 | I6: 0 | J6: 0 | K6: 0 | L6: 0 | M6: 0 | N6: 0 | O6: 0 | P6: 0.001399 | Q6: 0 | R6: 0 | S6: 0.007154 | T6: 1.5e-05 | U6: 0 | V6: 0.032446 | W6: 8.4e-05 | X6: 3e-06 | Y6: 0 | Z6: 0 | AA6: 7.2e-05 | AB6: 0 | AC6: 0.00481 | AD6: 0.002792 | AE6: 0 | AF6: 0 | AG6: 0 | AH6: 2e-06 | AI6: 0 | AJ6: 0 | AK6: 0 | AL6: 0 | AM6: 0 | AN6: 0 | AO6: 0 | AP6: 0 | AQ6: 3.5e-05 | AR6: 0.005458 | AS6: 0 | AT6: 0 | AU6: 0 | AV6: 0 | AW6: 0 | AX6: 0 | AY6: 0 | AZ6: 1e-06 | BA6: 6e-06 | BB6: 0.00098 | BC6: 0.00014
A7: 6 | B7: 0.001542 | C7: 0.009133 | D7: 0 | E7: 4.5e-05 | F7: 6e-05 | G7: 0.010192 | H7: 0.003487 | I7: 8.6e-05 | J7: 9e-06 | K7: 0 | L7: 0 | M7: 0 | N7: 0 | O7: 0 | P7: 0.030518 | Q7: 0 | R7: 0.006726 | S7: 0.007608 | T7: 0 | U7: 0 | V7: 1.9e-05 | W7: 0 | X7: 0 | Y7: 0 | Z7: 0 | AA7: 0 | AB7: 0 | AC7: 0 | AD7: 0 | AE7: 0 | AF7: 0 | AG7: 0 | AH7: 0 | AI7: 0 | AJ7: 0 | AK7: 0 | AL7: 0 | AM7: 0 | AN7: 0 | AO7: 0 | AP7: 0 | AQ7: 0.015696 | AR7: 0.023299 | AS7: 0 | AT7: 0 | AU7: 0 | AV7: 0 | AW7: 0 | AX7: 0 | AY7: 0 | AZ7: 0.001849 | BA7: 0.000701 | BB7: 0.005333 | BC7: 0.004892
A8: 7 | B8: 0.014094 | C8: 0.010077 | D8: 0 | E8: 0.056684 | F8: 0.189606 | G8: 0 | H8: 0 | I8: 0 | J8: 0 | K8: 0 | L8: 0 | M8: 0 | N8: 0 | O8: 0 | P8: 0 | Q8: 0 | R8: 0 | S8: 0 | T8: 0 | U8: 0 | V8: 0 | W8: 0 | X8: 0 | Y8: 0 | Z8: 0 | AA8: 0 | AB8: 0 | AC8: 0 | AD8: 0 | AE8: 0 | AF8: 0 | AG8: 0 | AH8: 0 | AI8: 0 | AJ8: 0 | AK8: 0 | AL8: 0 | AM8: 0 | AN8: 0 | AO8: 0 | AP8: 0 | AQ8: 0 | AR8: 0 | AS8: 0 | AT8: 0 | AU8: 0 | AV8: 0 | AW8: 0 | AX8: 0 | AY8: 0 | AZ8: 0.00037 | BA8: 0 | BB8: 0 | BC8: 0
A9: 8 | B9: 0 | C9: 9.4e-05 | D9: 0 | E9: 0.000806 | F9: 0.000294 | G9: 0.000503 | H9: 1e-06 | I9: 0.012936 | J9: 3.9e-05 | K9: 0 | L9: 0.000324 | M9: 0 | N9: 0.000128 | O9: 4.4e-05 | P9: 0.00048 | Q9: 0 | R9: 0.004445 | S9: 0.001013 | T9: 0.232227 | U9: 0.030662 | V9: 0.001606 | W9: 0.000342 | X9: 3.7e-05 | Y9: 2e-06 | Z9: 4.1e-05 | AA9: 0 | AB9: 0.000232 | AC9: 0.008782 | AD9: 0.004263 | AE9: 0 | AF9: 0 | AG9: 0 | AH9: 0.019262 | AI9: 0.000222 | AJ9: 1.3e-05 | AK9: 0 | AL9: 0 | AM9: 0 | AN9: 0 | AO9: 0 | AP9: 0 | AQ9: 0.000213 | AR9: 0.000184 | AS9: 0 | AT9: 0 | AU9: 0 | AV9: 0 | AW9: 0 | AX9: 0 | AY9: 0 | AZ9: 3e-06 | BA9: 0 | BB9: 0 | BC9: 0.00012
A10: 9 | B10: 0 | C10: 0 | D10: 0 | E10: 0 | F10: 0 | G10: 0 | H10: 0 | I10: 0 | J10: 0.016022 | K10: 0 | L10: 0 | M10: 0 | N10: 0 | O10: 0 | P10: 0.035142 | Q10: 0 | R10: 0 | S10: 0 | T10: 0 | U10: 0 | V10: 0.000113 | W10: 0 | X10: 0 | Y10: 0 | Z10: 0 | AA10: 0 | AB10: 0 | AC10: 3.1e-05 | AD10: 0.003125 | AE10: 0 | AF10: 0 | AG10: 0 | AH10: 0 | AI10: 0 | AJ10: 0 | AK10: 0 | AL10: 0 | AM10: 0 | AN10: 0 | AO10: 0 | AP10: 0 | AQ10: 0.016924 | AR10: 0.056401 | AS10: 0 | AT10: 0 | AU10: 0 | AV10: 0 | AW10: 0 | AX10: 0 | AY10: 0 | AZ10: 0.000308 | BA10: 0.001926 | BB10: 0.003822 | BC10: 0.013585
A11: 10 | B11: 7e-05 | C11: 0.000105 | D11: 0 | E11: 0 | F11: 1.4e-05 | G11: 0.000596 | H11: 1.5e-05 | I11: 0.000172 | J11: 5.4e-05 | K11: 0.107302 | L11: 0.002139 | M11: 0 | N11: 0.000205 | O11: 0.209525 | P11: 2.9e-05 | Q11: 0 | R11: 0.000149 | S11: 0.000205 | T11: 9.9e-05 | U11: 0.000166 | V11: 0.168281 | W11: 0.037217 | X11: 0.018676 | Y11: 0.083042 | Z11: 0.011198 | AA11: 4e-05 | AB11: 0.000296 | AC11: 0.000232 | AD11: 0.000159 | AE11: 0.456119 | AF11: 0.18914 | AG11: 0.000163 | AH11: 0.000548 | AI11: 0.000389 | AJ11: 0.00044 | AK11: 0.000307 | AL11: 0.000412 | AM11: 0.000776 | AN11: 0.000483 | AO11: 0.000883 | AP11: 0.000521 | AQ11: 0.000133 | AR11: 3.8e-05 | AS11: 0.000608 | AT11: 0.000877 | AU11: 0.000758 | AV11: 0.000482 | AW11: 0.000423 | AX11: 0.000226 | AY11: 0.00063 | AZ11: 0.000689 | BA11: 0.000414 | BB11: 7.8e-05 | BC11: 0.000129
A12: 11 | B12: 8.2e-05 | C12: 0.000124 | D12: 0 | E12: 0 | F12: 1.4e-05 | G12: 0.000692 | H12: 1.9e-05 | I12: 0.000203 | J12: 6.6e-05 | K12: 0.000333 | L12: 0.128977 | M12: 0 | N12: 0.00014 | O12: 0.007259 | P12: 3.4e-05 | Q12: 0 | R12: 0.000298 | S12: 0.000295 | T12: 0.000144 | U12: 0.0003 | V12: 0.00114 | W12: 0.000108 | X12: 0.242035 | Y12: 0.025011 | Z12: 0.02476 | AA12: 6.6e-05 | AB12: 0.00036 | AC12: 0.000278 | AD12: 0.000189 | AE12: 0.176385 | AF12: 0.046342 | AG12: 0.000377 | AH12: 0.000329 | AI12: 0.000487 | AJ12: 0.000541 | AK12: 0.000632 | AL12: 0.000479 | AM12: 0.000903 | AN12: 0.000598 | AO12: 0.001022 | AP12: 0.000645 | AQ12: 0.00018 | AR12: 5.1e-05 | AS12: 0.000729 | AT12: 0.001022 | AU12: 0.00089 | AV12: 0.000572 | AW12: 0.000503 | AX12: 0.000268 | AY12: 0.00075 | AZ12: 0.000856 | BA12: 0.000509 | BB12: 0.000132 | BC12: 0.000204
A13: 12 | B13: 0 | C13: 0 | D13: 0 | E13: 0 | F13: 0 | G13: 0 | H13: 0 | I13: 0 | J13: 0 | K13: 0 | L13: 0 | M13: 0 | N13: 0 | O13: 0 | P13: 0 | Q13: 0 | R13: 0 | S13: 0 | T13: 0 | U13: 0 | V13: 0 | W13: 0 | X13: 0 | Y13: 0 | Z13: 0 | AA13: 0 | AB13: 0 | AC13: 0 | AD13: 0 | AE13: 0 | AF13: 0 | AG13: 0 | AH13: 0 | AI13: 0 | AJ13: 0 | AK13: 0 | AL13: 0 | AM13: 0 | AN13: 0 | AO13: 0 | AP13: 0 | AQ13: 0 | AR13: 0 | AS13: 0 | AT13: 0 | AU13: 0 | AV13: 0 | AW13: 0 | AX13: 0 | AY13: 0 | AZ13: 0 | BA13: 0 | BB13: 0 | BC13: 0
... A55: 54 | B55: 0.002147 | C55: 0.005257 | D55: 0.000276 | E55: 0.000273 | F55: 0.000435 | G55: 0.055098 | H55: 0.000341 | I55: 0.00058 | J55: 0.000213 | K55: 0.000326 | L55: 0.000475 | M55: 0 | N55: 0.000137 | O55: 0.00015 | P55: 0.002924 | Q55: 4.3e-05 | R55: 0.00205 | S55: 0.001007 | T55: 0.000366 | U55: 0.001778 | V55: 0.002942 | W55: 0.002572 | X55: 0.001264 | Y55: 0.015838 | Z55: 0.000541 | AA55: 0.000228 | AB55: 0.00123 | AC55: 0.000819 | AD55: 0.000813 | AE55: 0.000109 | AF55: 4.7e-05 | AG55: 0.044352 | AH55: 0.001121 | AI55: 0.003953 | AJ55: 0.002036 | AK55: 0.000766 | AL55: 0.001292 | AM55: 0.00526 | AN55: 0.001939 | AO55: 0.002743 | AP55: 0.002383 | AQ55: 0.004785 | AR55: 0.005475 | AS55: 0.000951 | AT55: 0.000421 | AU55: 0.000369 | AV55: 0.000367 | AW55: 0.000823 | AX55: 0.000355 | AY55: 0.003632 | AZ55: 0.004518 | BA55: 0.004638 | BB55: 0.007835 | BC55: 0.027645

Sheet Leontief_Inverse_L_2025
A1: Sector | B1: 1 | C1: 2 | D1: 3 | E1: 4 | F1: 5 | G1: 6 | H1: 7 | I1: 8 | J1: 9 | K1: 10 | L1: 11 | M1: 12 | N1: 13 | O1: 14 | P1: 15 | Q1: 16 | R1: 17 | S1: 18 | T1: 19 | U1: 20 | V1: 21 | W1: 22 | X1: 23 | Y1: 24 | Z1: 25 | AA1: 26 | AB1: 27 | AC1: 28 | AD1: 29 | AE1: 30 | AF1: 31 | AG1: 32 | AH1: 33 | AI1: 34 | AJ1: 35 | AK1: 36 | AL1: 37 | AM1: 38 | AN1: 39 | AO1: 40 | AP1: 41 | AQ1: 42 | AR1: 43 | AS1: 44 | AT1: 45 | AU1: 46 | AV1: 47 | AW1: 48 | AX1: 49 | AY1: 50 | AZ1: 51 | BA1: 52 | BB1: 53 | BC1: 54
A2: 1 | B2: 1.061508 | C2: 0.00072 | D2: 0.003932 | E2: 0.005893 | F2: 0.006889 | G2: 0.00518 | H2: 0.027701 | I2: 8.6e-05 | J2: 0.005318 | K2: 0.000238 | L2: 0.000652 | M2: 0 | N2: 0.000377 | O2: 0.000115 | P2: 0.123627 | Q2: 3.3e-05 | R2: 0.002751 | S2: 0.013224 | T2: 0.001042 | U2: 0.000962 | V2: 0.00369 | W2: 0.001706 | X2: 0.001248 | Y2: 0.000869 | Z2: 0.000568 | AA2: 0.000251 | AB2: 0.000965 | AC2: 0.001002 | AD2: 0.00114 | AE2: 0.000412 | AF2: 0.000303 | AG2: 0.001974 | AH2: 0.000687 | AI2: 0.000581 | AJ2: 0.000793 | AK2: 0.002056 | AL2: 0.000262 | AM2: 0.009469 | AN2: 0.003087 | AO2: 0.004098 | AP2: 0.001277 | AQ2: 0.025171 | AR2: 0.044895 | AS2: 0.000614 | AT2: 0.000655 | AU2: 0.002195 | AV2: 0.000893 | AW2: 0.002925 | AX2: 0.000297 | AY2: 0.001173 | AZ2: 0.007016 | BA2: 0.005265 | BB2: 0.014529 | BC2: 0.009926
A3: 2 | B3: 0.00011 | C3: 1.011052 | D3: 0.000658 | E3: 0.000667 | F3: 0.000945 | G3: 0.000444 | H3: 0.002014 | I3: 3.1e-05 | J3: 0.000316 | K3: 5.1e-05 | L3: 0.000144 | M3: 0 | N3: 0.00014 | O3: 1.9e-05 | P3: 0.008934 | Q3: 1e-05 | R3: 0.000411 | S3: 0.001081 | T3: 0.000186 | U3: 0.000204 | V3: 0.000847 | W3: 0.000344 | X3: 0.000159 | Y3: 0.00018 | Z3: 0.000127 | AA3: 5.9e-05 | AB3: 0.00024 | AC3: 0.000227 | AD3: 0.000283 | AE3: 9.3e-05 | AF3: 4.2e-05 | AG3: 0.000284 | AH3: 0.000407 | AI3: 0.000165 | AJ3: 0.000256 | AK3: 0.001304 | AL3: 7.3e-05 | AM3: 0.001513 | AN3: 0.000458 | AO3: 0.002421 | AP3: 0.000307 | AQ3: 0.009881 | AR3: 0.020779 | AS3: 0.000141 | AT3: 0.000129 | AU3: 0.000526 | AV3: 0.000291 | AW3: 0.001026 | AX3: 7.4e-05 | AY3: 0.000304 | AZ3: 0.000707 | BA3: 0.000554 | BB3: 0.008368 | BC3: 0.001061
A4: 3 | B4: 0.000497 | C4: 0.000788 | D4: 1.09838 | E4: 0.000265 | F4: 0.003674 | G4: 0.003186 | H4: 0.000315 | I4: 0.000393 | J4: 0.000165 | K4: 0.000237 | L4: 0.000931 | M4: 0 | N4: 0.000789 | O4: 8.7e-05 | P4: 0.00063 | Q4: 0.000122 | R4: 0.002253 | S4: 0.004844 | T4: 0.00139 | U4: 0.001425 | V4: 0.001023 | W4: 0.302495 | X4: 0.000763 | Y4: 0.000535 | Z4: 0.003181 | AA4: 0.000788 | AB4: 0.006821 | AC4: 0.008878 | AD4: 0.005032 | AE4: 0.000605 | AF4: 0.000205 | AG4: 0.000806 | AH4: 0.006051 | AI4: 0.002805 | AJ4: 0.003723 | AK4: 0.001328 | AL4: 0.004308 | AM4: 0.003077 | AN4: 0.002344 | AO4: 0.003977 | AP4: 0.002645 | AQ4: 0.000509 | AR4: 0.000805 | AS4: 0.000571 | AT4: 0.000996 | AU4: 0.001051 | AV4: 0.001307 | AW4: 0.001191 | AX4: 0.001006 | AY4: 0.001695 | AZ4: 0.001208 | BA4: 0.001283 | BB4: 0.001311 | BC4: 0.001362
A5: 4 | B5: 0.000762 | C5: 0.000843 | D5: 0.004902 | E5: 1.102925 | F5: 0.008703 | G5: 0.006214 | H5: 0.035939 | I5: 9.8e-05 | J5: 0.005211 | K5: 0.00028 | L5: 0.000781 | M5: 0 | N5: 0.000431 | O5: 0.000138 | P5: 0.160429 | Q5: 4.1e-05 | R5: 0.003428 | S5: 0.017077 | T5: 0.001291 | U5: 0.001152 | V5: 0.004376 | W5: 0.002073 | X5: 0.000762 | Y5: 0.000948 | Z5: 0.000691 | AA5: 0.000311 | AB5: 0.001151 | AC5: 0.001231 | AD5: 0.001348 | AE5: 0.000489 | AF5: 0.00038 | AG5: 0.002089 | AH5: 0.000767 | AI5: 0.000664 | AJ5: 0.00104 | AK5: 0.001862 | AL5: 0.000299 | AM5: 0.012145 | AN5: 0.003867 | AO5: 0.005015 | AP5: 0.00156 | AQ5: 0.02911 | AR5: 0.048004 | AS5: 0.00064 | AT5: 0.000808 | AU5: 0.002658 | AV5: 0.001035 | AW5: 0.00342 | AX5: 0.000324 | AY5: 0.001361 | AZ5: 0.005309 | BA5: 0.00637 | BB5: 0.017374 | BC5: 0.005682
A6: 5 | B6: 0.002266 | C6: 0.003293 | D6: 0.004338 | E6: 0.001702 | F6: 1.07029 | G6: 0.001464 | H6: 0.000841 | I6: 6.5e-05 | J6: 0.00018 | K6: 7.4e-05 | L6: 0.000844 | M6: 0 | N6: 0.001604 | O6: 4.3e-05 | P6: 0.002758 | Q6: 1.2e-05 | R6: 0.006911 | S6: 0.0122 | T6: 0.002269 | U6: 0.002837 | V6: 0.040331 | W6: 0.005104 | X6: 0.002223 | Y6: 0.003406 | Z6: 0.002352 | AA6: 0.000374 | AB6: 0.000962 | AC6: 0.008 | AD6: 0.006302 | AE6: 0.000386 | AF6: 8.4e-05 | AG6: 0.005526 | AH6: 0.00075 | AI6: 0.000394 | AJ6: 0.000408 | AK6: 0.000448 | AL6: 0.000213 | AM6: 0.000608 | AN6: 0.000564 | AO6: 0.000401 | AP6: 0.00028 | AQ6: 0.000821 | AR6: 0.006847 | AS6: 0.000283 | AT6: 0.00017 | AU6: 0.000378 | AV6: 0.000201 | AW6: 0.000221 | AX6: 0.000169 | AY6: 0.000595 | AZ6: 0.00057 | BA6: 0.001103 | BB6: 0.006487 | BC6: 0.002186
A7: 6 | B7: 0.001917 | C7: 0.009341 | D7: 0.001677 | E7: 0.002345 | F7: 0.003323 | G7: 1.012193 | H7: 0.011871 | I7: 0.000135 | J7: 0.001277 | K7: 0.000108 | L7: 0.000281 | M7: 0 | N7: 0.000203 | O7: 4.6e-05 | P7: 0.037929 | Q7: 1.8e-05 | R7: 0.007677 | S7: 0.011473 | T7: 0.000433 | U7: 0.000418 | V7: 0.001193 | W7: 0.000732 | X7: 0.000287 | Y7: 0.000398 | Z7: 0.000239 | AA7: 0.000121 | AB7: 0.000525 | AC7: 0.000408 | AD7: 0.000537 | AE7: 0.000184 | AF7: 0.000112 | AG7: 0.000831 | AH7: 0.000409 | AI7: 0.000355 | AJ7: 0.000477 | AK7: 0.000983 | AL7: 0.000153 | AM7: 0.003143 | AN7: 0.001277 | AO7: 0.001871 | AP7: 0.0006 | AQ7: 0.022322 | AR7: 0.034373 | AS7: 0.000347 | AT7: 0.000276 | AU7: 0.001308 | AV7: 0.000642 | AW7: 0.002329 | AX7: 0.000145 | AY7: 0.000663 | AZ7: 0.00337 | BA7: 0.00228 | BB7: 0.009539 | BC7: 0.006464
A8: 7 | B8: 0.011662 | C8: 0.008025 | D8: 0.00096 | E8: 0.048849 | F8: 0.17244 | G8: 0.000567 | H8: 1.002025 | I8: 1.6e-05 | J8: 0.000317 | K8: 2.8e-05 | L8: 0.00018 | M8: 0 | N8: 0.000282 | O8: 1.5e-05 | P8: 0.008877 | Q8: 4e-06 | R8: 0.001295 | S8: 0.00286 | T8: 0.000434 | U8: 0.00052 | V8: 0.006719 | W8: 0.000933 | X8: 0.000406 | Y8: 0.0006 | Z8: 0.000416 | AA8: 7.7e-05 | AB8: 0.000219 | AC8: 0.001352 | AD8: 0.001086 | AE8: 9e-05 | AF8: 3.4e-05 | AG8: 0.001009 | AH8: 0.000166 | AI8: 0.0001 | AJ8: 0.000122 | AK8: 0.000239 | AL8: 5.1e-05 | AM8: 0.000745 | AN8: 0.000298 | AO8: 0.000347 | AP8: 0.00013 | AQ8: 0.001753 | AR8: 0.003842 | AS8: 8.9e-05 | AT8: 7.2e-05 | AU8: 0.000207 | AV8: 9.1e-05 | AW8: 0.000225 | AX8: 4.8e-05 | AY8: 0.000173 | AZ8: 0.000674 | BA8: 0.000518 | BB8: 0.002023 | BC8: 0.000715
A9: 8 | B9: 0.000868 | C9: 0.000877 | D9: 0.001389 | E9: 0.00115 | F9: 0.000793 | G9: 0.001257 | H9: 0.000341 | I9: 1.013674 | J9: 0.000206 | K9: 0.00057 | L9: 0.001965 | M9: 0 | N9: 0.001688 | O9: 0.000212 | P9: 0.001074 | Q9: 4.3e-05 | R9: 0.005033 | S9: 0.001681 | T9: 0.227244 | U9: 0.036419 | V9: 0.002143 | W9: 0.001115 | X9: 0.001308 | Y9: 0.000511 | Z9: 0.000528 | AA9: 0.000198 | AB9: 0.000762 | AC9: 0.009819 | AD9: 0.005222 | AE9: 0.000833 | AF9: 0.000413 | AG9: 0.00109 | AH9: 0.019841 | AI9: 0.000946 | AJ9: 0.001286 | AK9: 0.002049 | AL9: 0.000248 | AM9: 0.00112 | AN9: 0.000855 | AO9: 0.000393 | AP9: 0.002167 | AQ9: 0.000713 | AR9: 0.000719 | AS9: 0.00132 | AT9: 0.000483 | AU9: 0.000786 | AV9: 0.000429 | AW9: 0.000519 | AX9: 0.001797 | AY9: 0.000769 | AZ9: 0.00175 | BA9: 0.001079 | BB9: 0.000703 | BC9: 0.000711
A10: 9 | B10: 0.000303 | C10: 0.000401 | D10: 0.002074 | E10: 0.002495 | F10: 0.003376 | G10: 0.00246 | H10: 0.009342 | I10: 7.4e-05 | J10: 1.016908 | K10: 0.000145 | L10: 0.000361 | M10: 0 | N10: 0.000324 | O10: 5.9e-05 | P10: 0.041568 | Q10: 2.9e-05 | R10: 0.001198 | S10: 0.004617 | T10: 0.000558 | U10: 0.000558 | V10: 0.001443 | W10: 0.000935 | X10: 0.000409 | Y10: 0.000632 | Z10: 0.00032 | AA10: 0.000176 | AB10: 0.000694 | AC10: 0.000538 | AD10: 0.00374 | AE10: 0.000245 | AF10: 0.00014 | AG10: 0.001271 | AH10: 0.000673 | AI10: 0.000497 | AJ10: 0.000774 | AK10: 0.000889 | AL10: 0.000219 | AM10: 0.003611 | AN10: 0.00158 | AO10: 0.002748 | AP10: 0.000775 | AQ10: 0.023486 | AR10: 0.065362 | AS10: 0.000403 | AT10: 0.000339 | AU10: 0.001415 | AV10: 0.00075 | AW10: 0.002537 | AX10: 0.00018 | AY10: 0.000865 | AZ10: 0.002371 | BA10: 0.003621 | BB10: 0.008436 | BC10: 0.014943
A11: 10 | B11: 0.013012 | C11: 0.019386 | D11: 0.028407 | E11: 0.015174 | F11: 0.007907 | G11: 0.02777 | H11: 0.004199 | I11: 0.005243 | J11: 0.005481 | K11: 1.119593 | L11: 0.019213 | M11: 0 | N11: 0.018986 | O11: 0.234707 | P11: 0.009385 | Q11: 0.000589 | R11: 0.04938 | S11: 0.035465 | T11: 0.018848 | U11: 0.031136 | V11: 0.207467 | W11: 0.068508 | X11: 0.043568 | Y11: 0.112893 | Z11: 0.032286 | AA11: 0.004941 | AB11: 0.015176 | AC11: 0.024265 | AD11: 0.029543 | AE11: 0.598116 | AF11: 0.214947 | AG11: 0.049555 | AH11: 0.019111 | AI11: 0.014221 | AJ11: 0.019393 | AK11: 0.054743 | AL11: 0.060568 | AM11: 0.064846 | AN11: 0.051995 | AO11: 0.055749 | AP11: 0.015398 | AQ11: 0.007851 | AR11: 0.007277 | AS11: 0.00742 | AT11: 0.003804 | AU11: 0.005778 | AV11: 0.004372 | AW11: 0.004621 | AX11: 0.004381 | AY11: 0.015669 | AZ11: 0.015509 | BA11: 0.012119 | BB11: 0.035503 | BC11: 0.021807
A12: 11 | B12: 0.000658 | C12: 0.000921 | D12: 0.002691 | E12: 0.002786 | F12: 0.000546 | G12: 0.002776 | H12: 0.000528 | I12: 0.000984 | J12: 0.000619 | K12: 0.000961 | L12: 1.158356 | M12: 0 | N12: 0.001352 | O12: 0.009791 | P12: 0.001325 | Q12: 8.1e-05 | R12: 0.004419 | S12: 0.003689 | T12: 0.002327 | U12: 0.004305 | V12: 0.002896 | W12: 0.00299 | X12: 0.30117 | Y12: 0.032753 | Z12: 0.032864 | AA12: 0.001268 | AB12: 0.002945 | AC12: 0.00409 | AD12: 0.00731 | AE12: 0.264781 | AF12: 0.059295 | AG12: 0.009717 | AH12: 0.006863 | AI12: 0.003134 | AJ12: 0.002869 | AK12: 0.018834 | AL12: 0.004214 | AM12: 0.005228 | AN12: 0.005067 | AO12: 0.004164 | AP12: 0.00408 | AQ12: 0.001932 | AR12: 0.001162 | AS12: 0.002937 | AT12: 0.001955 | AU12: 0.00228 | AV12: 0.001884 | AW12: 0.001728 | AX12: 0.002514 | AY12: 0.003371 | AZ12: 0.00483 | BA12: 0.004038 | BB12: 0.003833 | BC12: 0.004782
A13: 12 | B13: 0 | C13: 0 | D13: 0 | E13: 0 | F13: 0 | G13: 0 | H13: 0 | I13: 0 | J13: 0 | K13: 0 | L13: 0 | M13: 1 | N13: 0 | O13: 0 | P13: 0 | Q13: 0 | R13: 0 | S13: 0 | T13: 0 | U13: 0 | V13: 0 | W13: 0 | X13: 0 | Y13: 0 | Z13: 0 | AA13: 0 | AB13: 0 | AC13: 0 | AD13: 0 | AE13: 0 | AF13: 0 | AG13: 0 | AH13: 0 | AI13: 0 | AJ13: 0 | AK13: 0 | AL13: 0 | AM13: 0 | AN13: 0 | AO13: 0 | AP13: 0 | AQ13: 0 | AR13: 0 | AS13: 0 | AT13: 0 | AU13: 0 | AV13: 0 | AW13: 0 | AX13: 0 | AY13: 0 | AZ13: 0 | BA13: 0 | BB13: 0 | BC13: 0
... A55: 54 | B55: 0.002843 | C55: 0.006386 | D55: 0.001298 | E55: 0.001044 | F55: 0.001493 | G55: 0.058694 | H55: 0.002123 | I55: 0.000763 | J55: 0.00052 | K55: 0.000531 | L55: 0.001114 | M55: 0 | N55: 0.000628 | O55: 0.000306 | P55: 0.006621 | Q55: 0.000116 | R55: 0.003757 | S55: 0.002938 | T55: 0.00114 | U55: 0.003107 | V55: 0.003991 | W55: 0.003488 | X55: 0.002089 | Y55: 0.017401 | Z55: 0.001292 | AA55: 0.000586 | AB55: 0.00223 | AC55: 0.001675 | AD55: 0.001741 | AE55: 0.000779 | AF55: 0.000272 | AG55: 0.046245 | AH55: 0.001864 | AI55: 0.004459 | AJ55: 0.002602 | AK55: 0.002334 | AL55: 0.001928 | AM55: 0.006869 | AN55: 0.002862 | AO55: 0.003874 | AP55: 0.003229 | AQ55: 0.00715 | AR55: 0.009159 | AS55: 0.001524 | AT55: 0.000684 | AU55: 0.001035 | AV55: 0.000798 | AW55: 0.001699 | AX55: 0.000662 | AY55: 0.00434 | AZ55: 0.005458 | BA55: 0.005355 | BB55: 0.009775 | BC55: 1.029061

Sheet Margins_Check
A1: Kode | B1: Sektor | C1: Kode_PDRB | D1: Growth_Index | E1: CAGR | F1: X_2020 | G1: X_2025 | H1: VA_2020 | I1: VA_2025 | J1: Row_Target | K1: Row_Achieved | L1: Col_Target_Z | M1: Col_Achieved_Z
A2: 1 | B2: Pertanian Tanaman Pangan | C2: A.1.a | D2: 1.222901 | E2: 0.041066 | F2: 15232978 | G2: 18628421 | H2: 11793043 | I2: 14421722 | J2: 18555002 | K2: 18555002 | L2: 3415493.3 | M2: 3415493.3
A3: 2 | B3: Pertanian Tanaman Hortikultura Semusim, Hortikultura Tahunan, dan Lainnya | C3: A.1.b | D3: 1.100069 | E3: 0.019258 | F3: 6343335 | G3: 6978109.2 | H3: 4834558 | I3: 5318349.7 | J3: 6925847.7 | K3: 6925847.7 | L3: 1284743.8 | M3: 1284743.8
A4: 3 | B4: Karet | C4: A.1.c | D4: 1.279983 | E4: 0.050608 | F4: 9572948.4 | G4: 12253207 | H4: 6580000.2 | I4: 8422285.4 | J4: 12253207 | K4: 12253207 | L4: 3820435.2 | M4: 3820435.2
A5: 4 | B5: Kelapa Sawit | C5: A.1.c | D5: 1.279983 | E5: 0.050608 | F5: 18493280 | G5: 23671076 | H5: 12739668 | I5: 16306552 | J5: 23671076 | K5: 23671076 | L5: 6316869.6 | M5: 6316869.6
A6: 5 | B6: Tanaman Perkebunan lainnya | C6: A.1.c | D6: 1.279983 | E6: 0.050608 | F6: 3787903.6 | G6: 4848450.5 | H6: 2415587.5 | I6: 3091909.9 | J6: 4767545.5 | K6: 4767545.5 | L6: 1725651 | M6: 1725651
A7: 6 | B7: Peternakan | C7: A.1.d | D7: 1.200912 | E7: 0.037295 | F7: 10940864 | G7: 13139019 | H7: 6657927.6 | I7: 7995588.1 | J7: 12940824 | K7: 12940824 | L7: 3895638.6 | M7: 3895638.6
A8: 7 | B8: Jasa Pertanian dan Perburuan | C8: A.1.e | D8: 1.010494 | E8: 0.00209 | F8: 2059366 | G8: 2080977.3 | H8: 1434357 | I8: 1449409.4 | J8: 2080977.3 | K8: 2080977.3 | L8: 550434.46 | M8: 550434.46
A9: 8 | B9: Kehutanan dan Penebangan Kayu | C9: A.2 | D9: 1.050869 | E9: 0.009973 | F9: 9033257.5 | G9: 9492768 | H9: 7948060.4 | I9: 8352368.3 | J9: 9492877.3 | K9: 9492877.3 | L9: 895926.96 | M9: 895926.96
A10: 9 | B10: Perikanan | C10: A.3 | D10: 1.044525 | E10: 0.00875 | F10: 17131422 | G10: 17894195 | H10: 15098082 | I10: 15770320 | J10: 17894195 | K10: 17894195 | L10: 1641762.5 | M10: 1641762.5
A11: 10 | B11: Pertambangan Minyak, Gas dan Panas Bumi | C11: B.1 | D11: 0.942203 | E11: -0.011836 | F11: 44023355 | G11: 41478936 | H11: 32291805 | I11: 30425435 | J11: 42421171 | K11: 42421171 | L11: 6665457.3 | M11: 6665457.3
A12: 11 | B12: Pertambangan Batubara dan Lignit | C12: B.2 | D12: 1.878679 | E12: 0.134411 | F12: 57177797 | G12: 1.0741872e+08 | H12: 24970978 | I12: 46912449 | J12: 1.0741836e+08 | K12: 1.0741836e+08 | L12: 44257128 | M12: 44257128
A13: 12 | B13: Pertambangan Bijih Logam | C13: B.3 | D13: 1 | E13: 0 | F13: 0 | G13: 0 | H13: 0 | I13: 0 | J13: 0 | K13: 0 | L13: 0 | M13: 0
... A55: 54 | B55: Jasa Lainnya | C55: R,S,T,U | D55: 1.138226 | E55: 0.026232 | F55: 5981671.3 | G55: 6808496.8 | H55: 3889292.5 | I55: 4426895.7 | J55: 6808496.8 | K55: 6808496.8 | L55: 1760285.7 | M55: 1760285.7

Sheet Balance_Check
A1: Kode | B1: Sektor | C1: Total_Input | D1: Total_Output | E1: Selisih
A2: 1 | B2: Pertanian Tanaman Pangan | C2: 18628421 | D2: 18628421 | E2: -2.2351742e-08
A3: 2 | B3: Pertanian Tanaman Hortikultura Semusim, Hortikultura Tahunan, dan Lainnya | C3: 6978109.2 | D3: 6978109.2 | E3: -7.4505806e-09
A4: 3 | B4: Karet | C4: 12253207 | D4: 12253207 | E4: -1.6763806e-08
A5: 4 | B5: Kelapa Sawit | C5: 23671076 | D5: 23671076 | E5: -2.6077032e-08
A6: 5 | B6: Tanaman Perkebunan lainnya | C6: 4848450.5 | D6: 4848450.5 | E6: 6.519258e-09
A7: 6 | B7: Peternakan | C7: 13139019 | D7: 13139019 | E7: 9.3132257e-09
A8: 7 | B8: Jasa Pertanian dan Perburuan | C8: 2080977.3 | D8: 2080977.3 | E8: -9.3132257e-10
A9: 8 | B9: Kehutanan dan Penebangan Kayu | C9: 9492768 | D9: 9492768 | E9: -9.3132257e-09
A10: 9 | B10: Perikanan | C10: 17894195 | D10: 17894195 | E10: -1.8626451e-08
A11: 10 | B11: Pertambangan Minyak, Gas dan Panas Bumi | C11: 41478936 | D11: 41478936 | E11: -4.4703484e-08
A12: 11 | B12: Pertambangan Batubara dan Lignit | C12: 1.0741872e+08 | D12: 1.0741872e+08 | E12: -1.3411045e-07
A13: 12 | B13: Pertambangan Bijih Logam | C13: 0 | D13: 0 | E13: 0
... A55: 54 | B55: Jasa Lainnya | C55: 6808496.8 | D55: 6808496.8 | E55: -7.4505806e-09
C56: =SUM(C2:C55) -> 1.1281831e+09 | D56: =SUM(D2:D55) -> 1.1281831e+09 | E56: =C56=D56 -> TRUE

Sheet Concordance
A1: Kode_IO | B1: Sektor_IO | C1: Kode_PDRB | D1: Label_PDRB
A2: 1 | B2: Pertanian Tanaman Pangan | C2: A.1.a | D2: A.1.a Tanaman Pangan
A3: 2 | B3: Pertanian Tanaman Hortikultura Semusim, Hortikultura Tahunan, dan Lainnya | C3: A.1.b | D3: A.1.b Tanaman Hortikultura
A4: 3 | B4: Karet | C4: A.1.c | D4: A.1.c Tanaman Perkebunan
A5: 4 | B5: Kelapa Sawit | C5: A.1.c | D5: A.1.c Tanaman Perkebunan
A6: 5 | B6: Tanaman Perkebunan lainnya | C6: A.1.c | D6: A.1.c Tanaman Perkebunan
A7: 6 | B7: Peternakan | C7: A.1.d | D7: A.1.d Peternakan
A8: 7 | B8: Jasa Pertanian dan Perburuan | C8: A.1.e | D8: A.1.e Jasa Pertanian dan Perburuan
A9: 8 | B9: Kehutanan dan Penebangan Kayu | C9: A.2 | D9: A.2 Kehutanan dan Penebangan Kayu
A10: 9 | B10: Perikanan | C10: A.3 | D10: A.3 Perikanan
A11: 10 | B11: Pertambangan Minyak, Gas dan Panas Bumi | C11: B.1 | D11: B.1 Pertambangan Minyak, Gas, dan Panas Bumi
A12: 11 | B12: Pertambangan Batubara dan Lignit | C12: B.2 | D12: B.2 Pertambangan Batubara dan Lignit
... A56: 55 | B56: Sektor lain yang tidak jelas batasannya | C56: R,S,T,U | D56: R,S,T,U. Jasa Lainnya

Sheet growth pdrb
A1: Lapangan Usaha | B1: 2020 | C1: 2021 | D1: 2022 | E1: 2023 | F1: 2024 | G1: 2025 | H1: YoY 2021 (%) | I1: YoY 2022 (%) | J1: YoY 2023 (%) | K1: YoY 2024 (%) | L1: YoY 2025 (%) | M1: Rata-Rata YoY (%) | N1: CAGR (2020-2025) (%)
A2: A. Pertanian, Kehutanan, dan Perikanan | B2: 53281530000 | C2: 54834530000 | D2: 56926730000 | E2: 58154460000 | F2: 59555280000 | G2: 63001260000 | H2: =IF(B2=0, 0, (C2/B2)-1) -> 0.029147061 | I2: =IF(C2=0, 0, (D2/C2)-1) -> 0.03815479 | J2: =IF(D2=0, 0, (E2/D2)-1) -> 0.021566846 | K2: =IF(E2=0, 0, (F2/E2)-1) -> 0.02408792 | L2: =IF(F2=0, 0, (G2/F2)-1) -> 0.057861872 | M2: =AVERAGE(H2:L2) -> 0.034163698 | N2: =IF(B2=0, 0, (G2/B2)^(1/5)-1) -> 0.034080883
A3: A.1 Pertanian, Peternakan, Perburuan, dan Jasa Pertanian | B3: 38528310000 | C3: 39746860000 | D3: 41737040000 | E3: 42923600000 | F3: 44181180000 | G3: 47555570000 | H3: =IF(B3=0, 0, (C3/B3)-1) -> 0.031627393 | I3: =IF(C3=0, 0, (D3/C3)-1) -> 0.050071377 | J3: =IF(D3=0, 0, (E3/D3)-1) -> 0.028429424 | K3: =IF(E3=0, 0, (F3/E3)-1) -> 0.029298102 | L3: =IF(F3=0, 0, (G3/F3)-1) -> 0.076376186 | M3: =AVERAGE(H3:L3) -> 0.043160496 | N3: =IF(B3=0, 0, (G3/B3)^(1/5)-1) -> 0.042999947
A4: A.1.a Tanaman Pangan | B4: 8672690000 | C4: 8823530000 | D4: 8936280000 | E4: 8889850000 | F4: 8902880000 | G4: 10605840000 | H4: =IF(B4=0, 0, (C4/B4)-1) -> 0.017392528 | I4: =IF(C4=0, 0, (D4/C4)-1) -> 0.012778332 | J4: =IF(D4=0, 0, (E4/D4)-1) -> -0.0051956743 | K4: =IF(E4=0, 0, (F4/E4)-1) -> 0.0014657165 | L4: =IF(F4=0, 0, (G4/F4)-1) -> 0.19128192 | M4: =AVERAGE(H4:L4) -> 0.043544565 | N4: =IF(B4=0, 0, (G4/B4)^(1/5)-1) -> 0.041065967
A5: A.1.b Tanaman Hortikultura | B5: 3483380000 | C5: 3723280000 | D5: 3841050000 | E5: 3861830000 | F5: 3795870000 | G5: 3831960000 | H5: =IF(B5=0, 0, (C5/B5)-1) -> 0.068869891 | I5: =IF(C5=0, 0, (D5/C5)-1) -> 0.031630713 | J5: =IF(D5=0, 0, (E5/D5)-1) -> 0.005409979 | K5: =IF(E5=0, 0, (F5/E5)-1) -> -0.017079985 | L5: =IF(F5=0, 0, (G5/F5)-1) -> 0.0095077018 | M5: =AVERAGE(H5:L5) -> 0.01966766 | N5: =IF(B5=0, 0, (G5/B5)^(1/5)-1) -> 0.019257751
A6: A.1.c Tanaman Perkebunan | B6: 20437060000 | C6: 21026190000 | D6: 22680220000 | E6: 23822170000 | F6: 24924260000 | G6: 26159080000 | H6: =IF(B6=0, 0, (C6/B6)-1) -> 0.028826553 | I6: =IF(C6=0, 0, (D6/C6)-1) -> 0.078665227 | J6: =IF(D6=0, 0, (E6/D6)-1) -> 0.050350041 | K6: =IF(E6=0, 0, (F6/E6)-1) -> 0.046263208 | L6: =IF(F6=0, 0, (G6/F6)-1) -> 0.049542895 | M6: =AVERAGE(H6:L6) -> 0.050729585 | N6: =IF(B6=0, 0, (G6/B6)^(1/5)-1) -> 0.050608256
A7: A.1.d Peternakan | B7: 5048020000 | C7: 5262190000 | D7: 5367120000 | E7: 5435780000 | F7: 5673810000 | G7: 6062230000 | H7: =IF(B7=0, 0, (C7/B7)-1) -> 0.042426536 | I7: =IF(C7=0, 0, (D7/C7)-1) -> 0.019940367 | J7: =IF(D7=0, 0, (E7/D7)-1) -> 0.012792708 | K7: =IF(E7=0, 0, (F7/E7)-1) -> 0.043789484 | L7: =IF(F7=0, 0, (G7/F7)-1) -> 0.068458408 | M7: =AVERAGE(H7:L7) -> 0.037481501 | N7: =IF(B7=0, 0, (G7/B7)^(1/5)-1) -> 0.037294962
A8: A.1.e Jasa Pertanian dan Perburuan | B8: 887160000 | C8: 911680000 | D8: 912360000 | E8: 913970000 | F8: 884360000 | G8: 896470000 | H8: =IF(B8=0, 0, (C8/B8)-1) -> 0.027638757 | I8: =IF(C8=0, 0, (D8/C8)-1) -> 0.00074587575 | J8: =IF(D8=0, 0, (E8/D8)-1) -> 0.0017646543 | K8: =IF(E8=0, 0, (F8/E8)-1) -> -0.032397125 | L8: =IF(F8=0, 0, (G8/F8)-1) -> 0.013693518 | M8: =AVERAGE(H8:L8) -> 0.0022891363 | N8: =IF(B8=0, 0, (G8/B8)^(1/5)-1) -> 0.0020900771
A9: A.2 Kehutanan dan Penebangan Kayu | B9: 5612680000 | C9: 5613870000 | D9: 5730890000 | E9: 5766940000 | F9: 5770230000 | G9: 5898190000 | H9: =IF(B9=0, 0, (C9/B9)-1) -> 0.00021201993 | I9: =IF(C9=0, 0, (D9/C9)-1) -> 0.0208448 | J9: =IF(D9=0, 0, (E9/D9)-1) -> 0.0062904715 | K9: =IF(E9=0, 0, (F9/E9)-1) -> 0.00057049319 | L9: =IF(F9=0, 0, (G9/F9)-1) -> 0.022175892 | M9: =AVERAGE(H9:L9) -> 0.010018736 | N9: =IF(B9=0, 0, (G9/B9)^(1/5)-1) -> 0.0099728407
A10: A.3 Perikanan | B10: 9140530000 | C10: 9473800000 | D10: 9458800000 | E10: 9463930000 | F10: 9603870000 | G10: 9547510000 | H10: =IF(B10=0, 0, (C10/B10)-1) -> 0.036460687 | I10: =IF(C10=0, 0, (D10/C10)-1) -> -0.001583314 | J10: =IF(D10=0, 0, (E10/D10)-1) -> 0.0005423521 | K10: =IF(E10=0, 0, (F10/E10)-1) -> 0.014786669 | L10: =IF(F10=0, 0, (G10/F10)-1) -> -0.0058684676 | M10: =AVERAGE(H10:L10) -> 0.0088675852 | N10: =IF(B10=0, 0, (G10/B10)^(1/5)-1) -> 0.0087504668
A11: B. Pertambangan dan Penggalian | B11: 68330870000 | C11: 72071690000 | D11: 76596700000 | E11: 82688480000 | F11: 85424440000 | G11: 88347300000 | H11: =IF(B11=0, 0, (C11/B11)-1) -> 0.054745681 | I11: =IF(C11=0, 0, (D11/C11)-1) -> 0.062784847 | J11: =IF(D11=0, 0, (E11/D11)-1) -> 0.07953058 | K11: =IF(E11=0, 0, (F11/E11)-1) -> 0.033087559 | L11: =IF(F11=0, 0, (G11/F11)-1) -> 0.034215735 | M11: =AVERAGE(H11:L11) -> 0.05287288 | N11: =IF(B11=0, 0, (G11/B11)^(1/5)-1) -> 0.052725799
A12: B.1 Pertambangan Minyak, Gas, dan Panas Bumi | B12: 29904310000 | C12: 29775780000 | D12: 28703740000 | E12: 28700470000 | F12: 28475630000 | G12: 28175930000 | H12: =IF(B12=0, 0, (C12/B12)-1) -> -0.0042980427 | I12: =IF(C12=0, 0, (D12/C12)-1) -> -0.036003759 | J12: =IF(D12=0, 0, (E12/D12)-1) -> -0.00011392244 | K12: =IF(E12=0, 0, (F12/E12)-1) -> -0.007834018 | L12: =IF(F12=0, 0, (G12/F12)-1) -> -0.010524789 | M12: =AVERAGE(H12:L12) -> -0.011754906 | N12: =IF(B12=0, 0, (G12/B12)^(1/5)-1) -> -0.011836303
A13: B.2 Pertambangan Batubara dan Lignit | B13: 22300150000 | C13: 25808120000 | D13: 30834600000 | E13: 36834140000 | F13: 39114130000 | G13: 41894820000 | H13: =IF(B13=0, 0, (C13/B13)-1) -> 0.15730701 | I13: =IF(C13=0, 0, (D13/C13)-1) -> 0.19476351 | J13: =IF(D13=0, 0, (E13/D13)-1) -> 0.19457168 | K13: =IF(E13=0, 0, (F13/E13)-1) -> 0.061898825 | L13: =IF(F13=0, 0, (G13/F13)-1) -> 0.0710917 | M13: =AVERAGE(H13:L13) -> 0.13592655 | N13: =IF(B13=0, 0, (G13/B13)^(1/5)-1) -> 0.13441121
... A62: R,S,T,U. Jasa Lainnya | B62: 2700640000 | C62: 2725730000 | D62: 2781580000 | E62: 2835790000 | F62: 2952690000 | G62: 3073940000 | H62: =IF(B62=0, 0, (C62/B62)-1) -> 0.0092903904 | I62: =IF(C62=0, 0, (D62/C62)-1) -> 0.020489924 | J62: =IF(D62=0, 0, (E62/D62)-1) -> 0.019488924 | K62: =IF(E62=0, 0, (F62/E62)-1) -> 0.041223081 | L62: =IF(F62=0, 0, (G62/F62)-1) -> 0.04106425 | M62: =AVERAGE(H62:L62) -> 0.026311314 | N62: =IF(B62=0, 0, (G62/B62)^(1/5)-1) -> 0.026232438
